{"135_https://mothership.sg/2025/01/sle-5-vehicle-accident/_p0": "Massive jam due to SLE accident: 5 people sent to hospital, car, van, tipper truck, motorcycle & lorry involvedThe accident resulted in a massive traffic jam.An accident involving five vehicles \u2014 a tipper truck, a van, a motorcycle, a lorry and a car \u2014 occurred at 9:45am on Jan. 24, 2025, along Seletar Expressway (SLE) towards Bukit Timah (BKE), resulting in a massive jam.In response to Mothership's queries, the Singapore Police Force (SPF) and the Singapore Civil Defence Force (SCDF) said a total of five people were conveyed to the hospital.They were a 29-year-old male motorcyclist, a 65-year-old male car driver, a 62-year-old male van driver and two passengers from the lorry, aged 41 and 49.All of them were conveyed conscious to Khoo Teck Puat Hospital.Lorry driver had to be extricated with hydraulic equipment", "135_https://mothership.sg/2025/01/sle-5-vehicle-accident/_p1": "Photos circulating on social media showed a massive traffic jam and several damaged vehicles on the expressway, as well as a few ambulances and SCDF vehicles at the scene in the aftermath of the crash.All five lanes appeared blocked at one point.@singyeah18Commute safely\ud83d\ude4f\ud83d\ude4f\ud83d\ude4f\ud83d\ude4f\ud83d\ude4fThe SCDF added that when they arrived at the scene, a person was found trapped at the driver's seat of the lorry.SCDF rescued the person using hydraulic rescue equipment.Police investigations into the accident are ongoing.Top left photo via @Singyeah18/TikTok, right photo via TelegramMORE STORIES", "135_https://mustsharenews.com/5-vehicle-accident-sle/_p0": "5-vehicle accident on SLE also delayed bus servicesA major accident involving five vehicles caused at least four lanes of the Seletar Expressway (SLE) to be blocked off on Friday (24 Jan) morning.A photo posted over Telegram showed that traffic on the expressway had come to a standstill, with numerous vehicles stuck.Another clip posted on TikTok showed police and emergency vehicles at the scene, blocking off a large portion of the road.Five vehicles seen wrecked on the SLEIn a video uploaded on Telegram, taken by a motorist caught in the jam at 9.57am, a tipper truck was seen on the left shoulder of the SLE.A white van was in the middle of the road, turned in the opposite direction. Its front and back were damaged.At the van\u2019s left rear was a motorcycle. In the far-right lane, a lorry and a car had collided with each other, with the front-right areas of both vehicles making contact.Motorists advised to avoid 4 lanes on SLE after 5-vehicle accident", "135_https://mustsharenews.com/5-vehicle-accident-sle/_p1": "The Land Transport Authority\u2019s (LTA\u2019s) traffic news account on X posted about the accident at 9.49am on Friday, saying it had taken place on the SLE in the direction towards the Bukit Timah Expressway (BKE), after the Tampines Expressway (TPE) entrance.Motorists were advised to avoid lanes 1, 2, 3 and 4.Another post at 10.04am said there was congestion up till the TPE exit due to the accident.At 10.49am, more than one hour after the accident, LTA advised motorists to avoid lane 5.The accident also affected bus services, with SBS Transit posting on Facebook at 11.08am that three of its bus services were delayed for about an hour.They returned to normal operations only at 12.29pm, it updated.5 people sent to hospital after 5-vehicle SLE accidentIn response to queries from MS News, the Singapore Police Force (SPF) said it was alerted to the accident at about 9.40am on Friday (24 Jan).", "135_https://mustsharenews.com/5-vehicle-accident-sle/_p2": "It took place along the SLE towards the BKE, and involved a tipper truck, a van, a motorcycle, a lorry and a car.Five people were sent to the hospital in a conscious state:- a 29-year-old male motorcyclist- a 65-year-old male car driver- a 62-year-old male van driver- two lorry passengers aged 41 and 49The Singapore Civil Defence Force (SCDF), which was alerted at about 9.45am, told MS News that they were conveyed to Khoo Teck Puat Hospital.One person trapped in driver\u2019s seat of lorryAdditionally, one person was found trapped in the driver\u2019s seat of a lorry.SCDF rescued that person using hydraulic rescue equipment, it said.Police investigations are ongoing.Also read: 4 people sent to hospital after multi-vehicle chain collision on PIE4 people sent to hospital after multi-vehicle chain collision on PIEHave news you must share? Get in touch with us via email at news@mustsharenews.com.Featured image adapted from @singyeah18 on TikTok and SGRoad Blocks / Traffic News on Telegram.", "135_https://www.straitstimes.com/singapore/5-taken-to-hospital-after-sle-accident-involving-multiple-vehicles_p0": "SINGAPORE \u2013 A motorcyclist, a driver, a van driver and two lorry passengers were taken to hospital following a multi-vehicle accident on an expressway on Jan 24.The accident happened on the Seletar Expressway (SLE) towards the Bukit Timah Expressway (BKE) at about 9.40am, said the police.It involved a tipper truck, a van, a motorcycle, a lorry and a car.The injured were a 29-year-old motorcyclist, a 65-year-old car driver, a 62-year-old van driver and two passengers from the lorry, aged 41 and 49. All were conscious when taken to hospital.The Singapore Civil Defence Force said the five were taken to Khoo Teck Puat Hospital. Officers had to use hydraulic rescue equipment to extricate one person found trapped in the lorry\u2019s driver\u2019s seat.A video posted on the Singapore Roads Accident.com Facebook page on Jan 24 showed traffic crawling to a halt on the expressway, with several emergency vehicles at the scene.The front of the van and the car were badly damaged.", "135_https://www.straitstimes.com/singapore/5-taken-to-hospital-after-sle-accident-involving-multiple-vehicles_p1": "The Land Transport Authority had put up an alert on X at 10.04am, advising motorists to avoid lanes 1, 2, 3 and 4 on the SLE because of the accident.Transport operator SBS Transit followed suit at 10.24am, informing commuters that bus services 39, 161 and 168 were being delayed. Normal operations resumed at 12.28pm.Investigations are ongoing.Join ST's WhatsApp Channel and get the latest news and must-reads.", "135_https://tnp.straitstimes.com/news/singapore/5-hospitalised-after-sle-multi-vehicle-crash_p0": "5 hospitalised after SLE multi-vehicle crashA motorcyclist, a driver, a van driver and two lorry passengers were taken to hospital following a multi-vehicle accident on an expressway on Jan 24.The accident happened on the Seletar Expressway (SLE) towards the Bukit Timah Expressway (BKE) at about 9.40am, said the police.It involved a tipper truck, a van, a motorcycle, a lorry and a car.The injured were a 29-year-old motorcyclist, a 65-year-old car driver, a 62-year-old van driver and two passengers from the lorry, aged 41 and 49. All were conscious when taken to hospital.The Singapore Civil Defence Force said the five were taken to Khoo Teck Puat Hospital. Officers had to use hydraulic rescue equipment to extricate one person found trapped in the lorry\u2019s driver\u2019s seat.A video posted on the Singapore Roads Accident.com Facebook page on Jan 24 showed traffic crawling to a halt on the expressway, with several emergency vehicles at the scene.", "135_https://tnp.straitstimes.com/news/singapore/5-hospitalised-after-sle-multi-vehicle-crash_p1": "The front of the van and the car were badly damaged.The Land Transport Authority had put up an alert on X at 10.04am, advising motorists to avoid lanes 1, 2, 3 and 4 on the SLE because of the accident.Transport operator SBS Transit followed suit at 10.24am, informing commuters that bus services 39, 161 and 168 were being delayed. Normal operations resumed at 12.28pm.Investigations are ongoing.Get The New Paper on your phone with the free TNP app. Download from the Apple App Store or Google Play Store now", "135_https://www.theonlinecitizen.com/2025/01/27/multi-vehicle-accident-causes-major-traffic-jam-on-seletar-expressway-five-hospitalised/_p0": "SingaporeMulti-vehicle accident causes major traffic jam on Seletar Expressway, five hospitalisedA five-vehicle accident on the Seletar Expressway (SLE) on 24 January caused major traffic jams. Five people, including a motorcyclist, car driver, van driver, and two lorry passengers, were hospitalised. Police investigations into the incident are ongoing.SINGAPORE: A massive traffic jam occurred on the Seletar Expressway (SLE) towards the Bukit Timah Expressway (BKE) following a five-vehicle accident involving a tipper truck, a van, a motorcycle, a lorry, and a car.The incident took place at 9:45 am on 24 January.Photos and videos circulating on social media showed significant congestion and several damaged vehicles on the expressway.The aftermath of the crash also saw several ambulances at the scene.At one point, all lanes appeared to be blocked, further exacerbating the traffic situation.", "135_https://www.theonlinecitizen.com/2025/01/27/multi-vehicle-accident-causes-major-traffic-jam-on-seletar-expressway-five-hospitalised/_p1": "The Singapore Police Force (SPF) and the Singapore Civil Defence Force (SCDF) confirmed that a total of five people were conveyed to the hospital.The individuals involved were a 29-year-old male motorcyclist, a 65-year-old male car driver, a 62-year-old male van driver, and two passengers from the lorry, aged 41 and 49.All were conscious and were taken to Khoo Teck Puat Hospital for treatment.Police investigations into the accident are ongoing.-Politics4 days agoLi Shengwu recounts govt harassment, urges the public to fight instead of relying on others for justice-Politics1 week agoDesmond Tan criticised for \u201clistening ear\u201d remark in Straits Times podcast-Comments2 weeks agoNg Chee Meng faces backlash for perceived downplaying of Singaporeans\u2019 job security concerns-Opinion4 days agoContradictions in PM Wong\u2019s claim on BTO pricing and HDB\u2019s policies-Comments2 weeks agoNetizens criticise K Shanmugam for sharing video on alleged Bukit Gombak harassment incident-Civil Society2 weeks ago", "135_https://www.theonlinecitizen.com/2025/01/27/multi-vehicle-accident-causes-major-traffic-jam-on-seletar-expressway-five-hospitalised/_p2": "Students stage memorial at NUS to honour Palestinian victims and urge universities to cut Israeli ties-Opinion3 days agoLi Shengwu\u2019s comments put the spotlight back on Lucien Wong\u2019s controversial appointment-Comments5 days agoNetizens criticise PM Wong\u2019s assurance on HDB affordability as a decades-long \u2019empty promise\u2019", "135_https://mothership.sg/2025/01/jalan-bukit-merah-pile-up-hospital/_p0": "3 sent to hospital after 8-vehicle pile-up at Jalan Bukit MerahPolice investigations are ongoing.Three people were sent to hospital after a pile-up involving a taxi and seven cars along Jalan Bukit Merah on the afternoon of Jan. 24.This happened on the same day that a five-vehicle accident on the Seletar Expressway (SLE) resulted in a massive jam, with five sent to hospital.Police and the Singapore Civil Defence Force (SCDF) told Mothership that on Jan. 24 at about 5:25pm, they were alerted to an accident along Jalan Bukit Merah towards New Bridge Road.A taxi driver and two car passengers were sent to hospital.The accident scenePictures of the accident scene were shared to the Singapore roads accident.com Facebook page the same day.Three cars and a blue taxi had stopped across three lanes of the road following the collision.The rear bumper of one of the cars had fallen off.Another car had its boot open, with a man in a green shirt looking inside.", "135_https://mothership.sg/2025/01/jalan-bukit-merah-pile-up-hospital/_p1": "A man in white stood between two lanes to record the scene with his phone.Another picture, shared on Telegram, showed two traffic police officers standing next to the taxi at the accident scene.The taxi's front body appeared badly damaged from the collision.3 sent to hospitalPolice said that a 56-year-old male taxi driver and two passengers from a car, aged 60 and 74, were conveyed conscious to the hospital.SCDF said they were conveyed to Singapore General Hospital.Police investigations are ongoing.Top image from Singapore roads accident.com/FacebookMORE STORIES", "135_https://www.straitstimes.com/singapore/3-taken-to-hospital-after-8-vehicle-collision-in-jalan-bukit-merah-second-multi-vehicle-accident-on_p0": "SINGAPORE \u2013 An accident on Jan 24 involving a taxi and seven cars in Jalan Bukit Merah was the second multiple-vehicle accident to take place that day.The police said they were alerted to the accident in Jalan Bukit Merah, towards New Bridge Road, at about 5.25pm.A 56-year-old male taxi driver and two car passengers, aged 60 and 74, were taken conscious to hospital, they added.The Singapore Civil Defence Force said the people were taken to Singapore General Hospital.Police investigations are ongoing.In photos of the accident posted to the Singapore Roads Accident.com Facebook page on Jan 24, three cars and one taxi that appear to be involved in the collision are seen taking up three lanes, with the back bumper of one of the cars almost falling off. The front part of the car is rammed into the car on its right.", "135_https://www.straitstimes.com/singapore/3-taken-to-hospital-after-8-vehicle-collision-in-jalan-bukit-merah-second-multi-vehicle-accident-on_p1": "Earlier that day, an accident involving a tipper truck, a van, a motorcycle, a lorry and a car had taken place on the Seletar Expressway, towards the Bukit Timah Expressway, at about 9.40am.A 29-year-old motorcyclist, a 65-year-old car driver, a 62-year-old van driver and two passengers from the lorry, aged 41 and 49, were taken conscious to hospital.Join ST's WhatsApp Channel and get the latest news and must-reads.", "135_https://mustsharenews.com/accident-bukit-merah/_p0": "8-vehicle accident along Jalan Bukit Merah involved 7 cars & 1 taxiOn the same day that a five-vehicle accident brought traffic to a standstill on the Seletar Expressway, eight vehicles were involved in an accident along Jalan Bukit Merah.Photos posted of the aftermath by Singapore roads accident.com on Facebook showed at least three lanes of the main road blocked by the vehicles involved.Blue Comfort cab involved in Bukit Merah accidentOne of the vehicles appeared to be a blue Comfort cab.A netizen shared a photo of the scene over Telegram, showing two police officers next to the cab.He said the accident caused \u201cthree lanes (to) turn into one lane\u201d.Cars seen collided into one another, damage observedAdditionally, a silver car was seen with damage to its rear, with its bumper partly fallen off.Its front was also observed to have collided with a white car on its front-right side.A number of people were standing around, with one man taking photos.LTA warns motorists about accident", "135_https://mustsharenews.com/accident-bukit-merah/_p1": "The Land Transport Authority\u2019s (LTA\u2019s) account on X posted about the accident at 5.53pm on 24 Jan.It said the collision took place along Jalan Bukit Merah in the direction towards Lower Delta Road, after Bukit Merah View.Cab driver & 2 car passengers sent to hospital after Bukit Merah accidentIn response to queries from MS News, the Singapore Police Force (SPF) said it was alerted to the accident at about 5.25pm on Friday (24 Jan).It took place along Jalan Bukit Merah in the direction towards New Bridge Road, and involved a taxi and seven cars.Three people were sent to the hospital in a conscious state \u2014 a 56-year-old male taxi driver and two car passengers aged 60 and 74.The Singapore Civil Defence Force (SCDF), which was alerted at the same time, told MS News that they were conveyed to the Singapore General Hospital.Police investigations into the accident are ongoing.Also read: 4 people sent to hospital after multi-vehicle chain collision on PIE", "135_https://mustsharenews.com/accident-bukit-merah/_p2": "4 people sent to hospital after multi-vehicle chain collision on PIEHave news you must share? Get in touch with us via email at news@mustsharenews.com.Featured image adapted from Singapore roads accident.com on Facebook.", "135_https://tnp.straitstimes.com/news/singapore/7-car-pile-bukit-merah-second-multi-vehicle-crash-day_p0": "7-car pile-up in Bukit Merah, second multi-vehicle crash of the dayAn accident on Jan 24 involving a taxi and seven cars in Jalan Bukit Merah was the second multiple-vehicle accident to take place that day.The police said they were alerted to the accident in Jalan Bukit Merah, towards New Bridge Road, at about 5.25pm.A 56-year-old male taxi driver and two car passengers, aged 60 and 74, were taken conscious to hospital, they added.The Singapore Civil Defence Force said the people were taken to Singapore General Hospital.Police investigations are ongoing.In photos of the accident posted to the Singapore Roads Accident.com Facebook page on Jan 24, three cars and one taxi that appear to be involved in the collision are seen taking up three lanes, with the back bumper of one of the cars almost falling off. The front part of the car is rammed into the car on its right.", "135_https://tnp.straitstimes.com/news/singapore/7-car-pile-bukit-merah-second-multi-vehicle-crash-day_p1": "Earlier that day, an accident involving a tipper truck, a van, a motorcycle, a lorry and a car had taken place on the Seletar Expressway, towards the Bukit Timah Expressway, at about 9.40am.A 29-year-old motorcyclist, a 65-year-old car driver, a 62-year-old van driver and two passengers from the lorry, aged 41 and 49, were taken conscious to hospital.Get The New Paper on your phone with the free TNP app. Download from the Apple App Store or Google Play Store now"}