{"199_https://mustsharenews.com/church-orchard-towers/_p0": "Church spends S$54.5 million on two units in Orchard TowersOrchard Towers, formerly known for its seedy reputation of vice and violence, will welcome a very different kind of visitor in the near future.The mall is now set for a \u201cbrighter future\u201d after a sprawling space on its fourth floor was bought by a church.Church was presented with Orchard Towers \u2018opportunity\u2019 in 2024The acquisition was announced by Cornerstone Community Church on its website in a statement titled \u201cOrchards & Vineyards\u201d, a play on the location of its second home.The church\u2019s Senior Pastor Yang Tuck Yoong said in a video last November that the church had for several years been looking for \u201cadditional space\u201d to accommodate the needs of its growing community.The church currently holds services on the second floor of the Odeon Katong building along East Coast Road and Golden Village cinema in Bugis.", "199_https://mustsharenews.com/church-orchard-towers/_p1": "Sometime in 2024, the church was presented with the \u201copportunity to explore this premise\u201d in the heart of Orchard Road, he added.The leadership then felt a \u201cstirring\u201d in their hearts over this property.Orchard Towers has had an unsavoury reputationPastor Yang noted that Orchard Towers has had an unsavoury reputation for the past 40 years.While it was initially intended to be an \u201cintegrated development of retail and residential properties\u201d with an art house cinema that was converted into a theatre, the tide turned when a large nightclub named Top Ten moved in in the mid-1980s.More bars, social escort agencies, sex shops and go-go bars moved in later, causing the mall to gain its \u201cFour Floors of Whores\u201d moniker.Top Ten was subsequently renamed Top 5 and reopened in 2006.In a unit next to it, a bar called Crazy Horse operated for 20 years.Both establishments operated till the middle of 2023 when the police decided not to renew the licences of 12 nightlife outlets in the mall.", "199_https://mustsharenews.com/church-orchard-towers/_p2": "Orchard Towers Nightlife Outlets Could Cease Operations By May 2023 As Police Won\u2019t Renew LicencesChurch buys 2 Orchard Towers units for S$54.5MCornerstone Community Church will be taking over the two units formerly occupied by Top 5 and Crazy Horse, Pastor Yang said.The two properties combined have a floor space of more than 19,000 square feet (sq ft).The Business Times reported that they were sold for S$54.5 million, or S$2,825 per square foot based on a total strata area of 19,289 sq ft.The sale and purchase agreement for the property was signed about two weeks ago by Cornerstone Heritage, whose shareholders are Pastor Yang, his wife Daphne Yip, also a senior pastor at the church, and fellow pastor Timothy Chong.Space will benefit Bugis congregationPastor Yang said the Orchard Towers space will benefit the congregation now worshipping at Bugis, which is growing.\u201cMany attendees with children would benefit from a Cornerstone location closer to central Singapore,\u201d he noted, adding:", "199_https://mustsharenews.com/church-orchard-towers/_p3": "A permanent home in Orchard with low en-bloc potential also means more sustainable operations for our \u2018Bugis\u2019 congregation and the possibility of opening more service slots for our numerous language congregations during the weekend as well. Furthermore, the retail units surrounding the auditorium offer space for potential future expansion should our footprint need to grow in the city.He also stated that Orchard Towers \u201cpresents a rare freehold opportunity prime real estate\u201d surrounded by amenities such as transport options, malls, food and shops. The building also has a carpark with ample space for the church\u2019s large congregation.Church has previous record of \u2018redeeming dark places\u2019On the building\u2019s \u201cdark past\u201d, Pastor Yang noted that this would not be the first time that Cornerstone Community Church is \u201credeeming\u201d a place for a \u201cbrighter future\u201d.He pointed out that the church had previously taken over six other units elsewhere which were formerly KTVs, pubs and massage parlours.", "199_https://mustsharenews.com/church-orchard-towers/_p4": "Thus, redeeming dark places is a significant part of the church\u2019s DNA, he said, adding:These properties, once a stronghold of the enemy, is now being claimed by the people of God.Also read: Over 20 People Involved In Huge Fight Outside Orchard Towers, 3 Men Arrested For RiotingOver 20 People Involved In Huge Fight Outside Orchard Towers, 3 Men Arrested For RiotingHave news you must share? Get in touch with us via email at news@mustsharenews.com.Featured image adapted from Google Maps and Google Maps.", "199_https://saltandlight.sg/news/with-orchard-towers-purchase-cornerstone-seeks-to-transform-a-dark-place-into-a-beacon-of-light-sp-yang-tuck-yoong/_p0": "With Orchard Towers purchase, Cornerstone seeks to transform a dark place into a \u201cbeacon of light\u201d: SP Yang Tuck YoongSalt&Light // February 2, 2025, 12:49 pmIn 1997, Cornerstone Community Church acquired Music World at The Odeon Katong and transformed it from a disco-pub-KTV into the main auditorium of its church premise. Likewise, it has acquired space on the fourth floor of Orchard Towers. Photo from Cornerstone Community Church's Facebook page.Cornerstone Community Church\u2019s purchase of two units on the fourth floor of Orchard Towers, will allow the church to explore \u201cprogrammes and events that would cater to the needs of the larger community\u201d in the prime Orchard Road stretch, said Senior Pastor Yang Tuck Yoong.\u201cOrchard is also a meeting point for many nationalities, and we\u2019re excited to explore ways where we can bring a message of hope and be home to them!\u201d he told Salt&Light.", "199_https://saltandlight.sg/news/with-orchard-towers-purchase-cornerstone-seeks-to-transform-a-dark-place-into-a-beacon-of-light-sp-yang-tuck-yoong/_p1": "The freehold property, totalling 19,289 sq ft of space, was purchased by Cornerstone Heritage two weeks ago for S$54.5 million. The area used to be occupied by a night club, Top 5, and a bar called Crazy Horse.The shareholders of Cornerstone Heritage are Pastor Yang and his wife Daphne Yip \u2013 the founders and Senior Pastors of Cornerstone Community Church \u2013 and Timothy Chong, a Pastor at the church.The three individuals hold their shares as trustees of the church and are bound by a trust deed to act in its interest, with any sale or mortgage of property requiring prior approval from a general meeting of members.Redeeming yet another dark placeOrchard Towers has, since the mid-\u201980s, held the dubious honour of being the red light area of Orchard Road. Tenants included a nightclub called Top Ten, KTV lounges and massage parlours, and police raids were a common occurrence.\u201cRedeeming dark places, being in commercial spaces in the heart of the community (are) a significant part of our DNA.\u201d", "199_https://saltandlight.sg/news/with-orchard-towers-purchase-cornerstone-seeks-to-transform-a-dark-place-into-a-beacon-of-light-sp-yang-tuck-yoong/_p2": "In 2023, the building management embarked on efforts to shed Orchard Towers\u2019 long-held image. Almost all the public entertainment outlets were shut down and the police stopped granting or renewing entertainment licences after May 31, 2023 as part of the government\u2019s effort to \u201cmanage the law and order situation and disamenities\u201d.This move by Cornerstone into a space previously tainted by negative associations is not its first. The church\u2019s current premises at The Odeon Katong were previously six karaoke pubs and massage parlours, the largest being Music World \u2013 a disco, pub and karaoke joint \u2013 which is now the main auditorium of the church.\u201cCornerstone is no stranger to such a move. Since our first property purchase of Music World in 1997, our church has subsequently taken over six other units which were formerly KTVs, pubs and massage parlours,\u201d Ps Yang told Salt&Light.", "199_https://saltandlight.sg/news/with-orchard-towers-purchase-cornerstone-seeks-to-transform-a-dark-place-into-a-beacon-of-light-sp-yang-tuck-yoong/_p3": "\u201cRedeeming dark places and being situated in commercial spaces in the heart of the community have come to be a significant part of our DNA as a church. \u201cAs such, the move has been met with \u201cnothing but a groundswell of support over this new venture of faith\u201d, said Ps Yang.Apart from the services at its main Odeon Katong location, Cornerstone currently holds two services on Sunday at the Golden Village halls in Bugis+. The congregation at Bugis will likely shift to the new Orchard Premises once renovation is complete, with Ps Yang hoping to start services there by December 2025.\u201cOur Bugis services will most likely be relocated to Orchard Towers, given that we will save on rental. Having a permanent place of our own will also relieve our volunteers of having to laboriously set up and tear down each week,\u201d said Ps Yang.", "199_https://saltandlight.sg/news/with-orchard-towers-purchase-cornerstone-seeks-to-transform-a-dark-place-into-a-beacon-of-light-sp-yang-tuck-yoong/_p4": "The Orchard Towers venue will likely include a 550-seater hall. The Katong premise will still continue functioning as a key service location and office space for our staff, he added.Serving more than the church communityBeyond the practical benefits of this purchase, Ps Yang said: \u201cIn acquiring the properties at Orchard Towers, we inherit more than auditoriums.\u201cWe are stepping into the promises of God, who has promised to enlarge our tent. We are committing to stepping out in faith and we believe this step of faith will result in much fruit.\u201cBut more than that, we are inheriting the responsibility of stewarding and seeking the welfare of the community to which he is sending us.\u201cPlanting a new vineyard on Orchard Road is a significant, generational investment. Just as the previous generation of Cornerstonians had sown generously to establish a house for the Lord in Katong, let us come together to do it once again on Orchard Road.\u201d", "199_https://saltandlight.sg/news/with-orchard-towers-purchase-cornerstone-seeks-to-transform-a-dark-place-into-a-beacon-of-light-sp-yang-tuck-yoong/_p5": "This will include exploring optimising the usage of the new premises for programmes and events beyond the existing Cornerstone members, catering to the needs of the larger community in this area.\u201cWe envision this space to be an Orchard and Vineyard where many will find spiritual refreshing, nourishment and in turn be planted and rooted in the House of God,\u201d Ps Yang told Salt&Light.\u201cOrchard is also a meeting point for many nationalities, and we\u2019re excited to explore ways where we can bring a message of hope and be home to them.\u201cInstead of Orchard Road being the go-to place only during Christmas for its festive lights and decor, we hope to be a beacon of light for all to be drawn to Christ and the hope He brings.\u201dRELATED STORIES:\u201cHow I survived 34 years in ministry\u201d: Pastor Yang Tuck Yoong at Lift Conference 2024\u201cHe will bring you across the finishing line\u201d: Pastor Yang Tuck Yoong on staying the course in Christian ministry", "199_https://saltandlight.sg/news/with-orchard-towers-purchase-cornerstone-seeks-to-transform-a-dark-place-into-a-beacon-of-light-sp-yang-tuck-yoong/_p6": "\u201cCancer did not take her. I have taken her home,\u201d God whispered to a grieving mother, who would go on to fight for the next generationWe are an independent, non-profit organisation that relies on the generosity of our readers, such as yourself, to continue serving the kingdom. Every dollar donated goes directly back into our editorial coverage.Would you consider partnering with us in our kingdom work by supporting us financially, either as a one-off donation, or a recurring pledge?Support Salt&LightpreviousFaithAn urgent, Scripture-based call to address the ecological crisis: How will you respond?", "199_https://www.mingtiandi.com/real-estate/finance/church-buys-former-nightclubs-in-singapores-orchard-towers/_p0": "The Singapore government has set out plans to rejuvenate the city\u2019s Orchard Road commercial strip, and an evangelical church is now contributing to that effort by giving one of the city\u2019s most notorious night spots a chance to be born again as a house of worship.Cornerstone Community Church announced on its website this week that it has acquired a pair of retail properties in Orchard Towers, once famous as Singapore\u2019s \u201cFour Floors of Whores\u201d with plans to convert the space into its newest location.Founded by husband and wife pastors Yang Tuck Yoong and Daphne Yang in 1989, and having earlier rehabilitated former nightspots on Singapore\u2019s east coast, Cornerstone Church has a history of resurrecting former places of ill-repute.", "199_https://www.mingtiandi.com/real-estate/finance/church-buys-former-nightclubs-in-singapores-orchard-towers/_p1": "\u201cRedeeming dark places and being situated in commercial spaces in the heart of the community have come to be a significant part of our DNA as a church,\u201d Yang said. \u201dThe two adjacent properties at Orchard Towers would be the 7th & 8th such acquisitions and these properties, once a stronghold of the enemy, is now being claimed by the people of God.\u201dVision for the KingdomWith the two shops spanning more than 19,000 square feet (1765 square metres), Yang pointed to the acquisition as an opportunity to expand the church\u2019s footprint as it outgrows its current locations in rented theatres in the Bugis area.\u201cFor several years now, our church has been seeking additional space to accommodate the needs of our growing community,\u201d Yang said. \u201d Our congregation at Cornerstone Bugis is growing and many attendees with children would benefit from a Cornerstone location closer to central Singapore.\u201d", "199_https://www.mingtiandi.com/real-estate/finance/church-buys-former-nightclubs-in-singapores-orchard-towers/_p2": "The church is paying a combined S$54.5 million ($40.23 million), or S$2,825 per square foot, for the space, according to an account in The Business Times, with the properties having once housed a nightclub known as Crazy Horse, before Singapore authorities stopped renewing licenses for nightlife outlets operating in the building beyond May 2023.Yang\u2019s vision for the new space is to create a 550-seat auditorium, along with a dedicated space for a children\u2019s church, once the acquisition is completed later in this quarter. Renovations are expected to be completed by year-end at the earliest.Orchard RevivalHaving established a foothold in one of Singapore\u2019s key commercial districts. Pastor Yang is keen to expand his kingdom, pointing to challenges in redeveloping Orchard Towers, which is owned by a variety of strata-title investors as providing fertile ground for further acquisitions.", "199_https://www.mingtiandi.com/real-estate/finance/church-buys-former-nightclubs-in-singapores-orchard-towers/_p3": "\u201cA permanent home in Orchard with low en-bloc potential also means more sustainable operations for our \u201cBugis\u201d congregation and the possibility of opening more service slots for our numerous language congregations during the weekend as well,\u201d Yang said. \u201dFurthermore, the retail units surrounding the auditorium offer space for potential future expansion should our footprint need to grow in the city.\u201dAn attempted S$1.6 billion collective sale of Orchard Towers in 2022 failed as big ticket redevelopment projects have struggled in the face of higher interest rates.Despite that failed sale attempt, Orchard Towers is located close to a number of major redevelopment projects, including Delfi Orchard, at the intersection of Orchard and Claymore Roads, which City Developments Ltd purchased via a S$439 million collective sale last year.", "199_https://www.mingtiandi.com/real-estate/finance/church-buys-former-nightclubs-in-singapores-orchard-towers/_p4": "Analysts speculate that CDL will combine the commercial building a few steps away from Orchard Towers with the adjacent Orchard Hotel, for a major redevelopment project.Directly opposite Orchard Towers, Ong Beng Seng\u2019s Hotel Properties Ltd is set to demolish The Forum mall, the Voco Orchard Singapore hotel and the HPL House commercial block for redevelopment into a 114,153 square metre mixed-use complex.In line with the church\u2019s emphasis on the life everlastin Pastor Yang in his statement pointed to the appeal of owning freehold land in the midst of Orchard Road\u2019s revival.\u201cOrchard Towers presents a rare freehold opportunity prime real estate, which has been earmarked for renewal,\u201d Yang said. \u201cThis bodes well, both for the ongoing value of the property as well as the availability of amenities surrounding the church which already has an adequate selection of transport options, malls, food, and shops surrounding it.\u201d", "199_https://www.channelnewsasia.com/singapore/cornerstone-church-acquires-19000-sq-ft-space-orchard-towers-4th-floor-545-million-4909026_p0": "Church acquires 19,000 sq ft of space on 4th floor of Orchard Towers for S$54.5 millionSINGAPORE: A church has purchased about 19,000 sq ft of space on the fourth floor of Orchard Towers for S$54.5 million (US$40.2 million).Based on the sale and purchase agreement for the property, it was sold to Cornerstone Heritage about two weeks ago, The Business Times (BT) reported on Friday (Jan 31).The property was sold for S$2,825 per sq ft based on a total strata area of 19,289 sq ft.The shareholders of Cornerstone Heritage are Yang Tuck Yoong and Daphne Yip - the founders and senior pastors of Cornerstone Community Church - and Timothy Chong, a fellow pastor at the church, BT reported.The three individuals hold their shares as trustees of the church and are bound by a trust deed to act in its interest, with any sale or mortgage of property requiring prior approval from a general meeting of members.", "199_https://www.channelnewsasia.com/singapore/cornerstone-church-acquires-19000-sq-ft-space-orchard-towers-4th-floor-545-million-4909026_p1": "In a statement on the Cornerstone Community Church website detailing the acquisition of the space, Pastor Yang said that it was formerly occupied by a large nightclub, Top 5, and a bar called Crazy Horse.He added that the church had been seeking additional space to accommodate the needs of its growing community.\"Our congregation at Cornerstone Bugis is growing and many attendees with children would benefit from a Cornerstone location closer to central Singapore,\" said Pastor Yang.\"A permanent home in Orchard with low en bloc potential also means more sustainable operations for our Bugis congregation and the possibility of opening more service slots for our numerous language congregations during the weekend as well.\"He also said Orchard Towers had available retail space that would enable a potential expansion of the church's footprint in the city, and that its \"ample parking\" would be beneficial to congregants.", "199_https://www.channelnewsasia.com/singapore/cornerstone-church-acquires-19000-sq-ft-space-orchard-towers-4th-floor-545-million-4909026_p2": "According to the church's website, it has been located at The Odeon Katong on East Coast Road since 1997.The church also conducts services at Golden Village halls at the Bugis+ mall.In an FAQ section on its website, the church said that it would primarily fund the purchase of the property \"using savings accumulated over the years\".\"To reduce pressure on our working capital, we may secure an external loan equivalent to one year's expenditure,\" it added.According to data from the Ministry of Culture, Community and Youth (MCCY), the church's expenditure was S$12,599,746 in 2022 and S$14,241,364 in 2023.In the FAQ section, the church also said that it planned to build a new auditorium at the site with about 550 seats. The units across from the auditorium could be used by the Cornerstone Children's Church it added.The church is also discussing the possibility of moving its Bugis+ services to Orchard Towers as this will allow it to save on rental costs, it said.", "199_https://www.channelnewsasia.com/singapore/cornerstone-church-acquires-19000-sq-ft-space-orchard-towers-4th-floor-545-million-4909026_p3": "The church added that it will ensure that all necessary safety protocols are carefully followed when it becomes fully operational at Orchard Towers.Cornerstone, which according to its website has more than 5,000 members, is not the only church in Singapore to have invested in commercial properties in recent years.In 2019, Singapore-listed developer CapitaLand sold The Star Vista for S$296 million to Rock Productions, the business arm of New Creation Church.In 2012, City Harvest Church increased its stake in Suntec Singapore International Convention and Exhibition Centre to 39.2 per cent, from 20 per cent in 2010.HISTORY OF ORCHARD TOWERSOrchard Towers, which was once plagued by sleazy nightlife venues and a seedy reputation, has been looking to reinvent itself.", "199_https://www.channelnewsasia.com/singapore/cornerstone-church-acquires-19000-sq-ft-space-orchard-towers-4th-floor-545-million-4909026_p4": "The vast majority of nightlife outlets at Orchard Towers had ceased operations as of August 2023 after the police stopped granting and renewing their licences, and they were replaced by family-friendly businesses including furnishing stores, pharmacies and eateries.In his note on Cornerstone's website, Pastor Yang said that moving into a property with a \"dark past\" was something that the church was familiar with.\"Since our first property purchase of Music World in 1997, our church has subsequently taken over six other units which were formerly KTVs, pubs and massage parlours,\" he said.\"Redeeming dark places and being situated in commercial spaces in the heart of the community have come to be a significant part of our DNA as a church.\"The two adjacent properties at Orchard Towers would be the seventh and eighth such acquisitions.\"", "199_https://mothership.sg/2025/01/spore-church-buys-retail-orchard-towers/index.html_p0": "A church in Singapore has bought about 19,000 sq ft of retail space in Orchard Towers, which it intends to use as a \"permanent home\" for its services.The 19,289 sq ft property was sold two weeks ago to Cornerstone Heritage, reported The Business Times (BT).The entity counts among its shareholders pastors Yang Tuck Yoong, Daphne Yip, and Timothy Chong, all of Cornerstone Community Church.Located on the fourth floor of the building, the retail space was sold for S$54.5 million, or about S$2,825 per square foot, BT said.Seedy reputation of Orchard Towers?The independent church currently holds services at Odeon Katong at East Coast Road, as well as at a few Golden Village halls at Bugis+.It also owns some space at the former.In a note on its website, Yang \u2014 one of the founding pastors \u2014 said that the church has been looking for additional space to accommodate its growing congregation, particularly at its Bugis+ location.", "199_https://mothership.sg/2025/01/spore-church-buys-retail-orchard-towers/index.html_p1": "He noted Orchard Towers' freehold status, low en-bloc potential, and surrounding retail units, which would offer space for future expansion.Yang also acknowledged the building's so-called \"seedy reputation\".\"For over 40 years now, Orchard Towers has been known for all the wrong reasons,\" he wrote.But \"redeeming a place from its dark past and reviving it for a brighter future\" would be a move not unfamiliar to the church, he said.He added that it would be a \"significant, generational investment\".The acquisitionIn total, the deal involves the purchase of six units on the fourth level of Orchard Towers.This includes a disco pub originally converted from a cinema, and a stretch of retail units.Infamous for its questionable retail mix and abundance of illegal activity, Orchard Towers was once known among locals and tourists by the moniker, \"Four Floors of Whores\".It also has a violent history.", "199_https://mothership.sg/2025/01/spore-church-buys-retail-orchard-towers/index.html_p2": "In 2019, seven people were charged with murder after a man, 31-year-old Satheesh Noel s/o Gobidass, was stabbed to death on the mall's ground floor.The last of the accused, Tan Sen Yang, was sentenced to life imprisonment in April 2024.In 2023, the building management set out on a two-year venture to reinvent its image.It shut down all but one of its public entertainment outlets and announced that it would not grant or renew licences.The mass closure was part of efforts to \"manage the law-and-order situation and disamenities in the area\", said the police.A police spokesperson earlier said that the \"law and order situation in Orchard Towers remains as of concern and has not improved over the years\".Related storiesTop image from Google Maps and Cornerstone Community ChurchMORE STORIES", "199_https://mothership.sg/2025/01/spore-church-buys-retail-orchard-towers/_p0": "A church in Singapore has bought about 19,000 sq ft of retail space in Orchard Towers, which it intends to use as a \"permanent home\" for its services.The 19,289 sq ft property was sold two weeks ago to Cornerstone Heritage, reported The Business Times (BT).The entity counts among its shareholders pastors Yang Tuck Yoong, Daphne Yip, and Timothy Chong, all of Cornerstone Community Church.Located on the fourth floor of the building, the retail space was sold for S$54.5 million, or about S$2,825 per square foot, BT said.Seedy reputation of Orchard Towers?The independent church currently holds services at Odeon Katong at East Coast Road, as well as at a few Golden Village halls at Bugis+.It also owns some space at the former.In a note on its website, Yang \u2014 one of the founding pastors \u2014 said that the church has been looking for additional space to accommodate its growing congregation, particularly at its Bugis+ location.", "199_https://mothership.sg/2025/01/spore-church-buys-retail-orchard-towers/_p1": "He noted Orchard Towers' freehold status, low en-bloc potential, and surrounding retail units, which would offer space for future expansion.Yang also acknowledged the building's so-called \"seedy reputation\".\"For over 40 years now, Orchard Towers has been known for all the wrong reasons,\" he wrote.But \"redeeming a place from its dark past and reviving it for a brighter future\" would be a move not unfamiliar to the church, he said.He added that it would be a \"significant, generational investment\".The acquisitionIn total, the deal involves the purchase of six units on the fourth level of Orchard Towers.This includes a disco pub originally converted from a cinema, and a stretch of retail units.Infamous for its questionable retail mix and abundance of illegal activity, Orchard Towers was once known among locals and tourists by the moniker, \"Four Floors of Whores\".It also has a violent history.", "199_https://mothership.sg/2025/01/spore-church-buys-retail-orchard-towers/_p2": "In 2019, seven people were charged with murder after a man, 31-year-old Satheesh Noel s/o Gobidass, was stabbed to death on the mall's ground floor.The last of the accused, Tan Sen Yang, was sentenced to life imprisonment in April 2024.In 2023, the building management set out on a two-year venture to reinvent its image.It shut down all but one of its public entertainment outlets and announced that it would not grant or renew licences.The mass closure was part of efforts to \"manage the law-and-order situation and disamenities in the area\", said the police.A police spokesperson earlier said that the \"law and order situation in Orchard Towers remains as of concern and has not improved over the years\".Related storiesTop image from Google Maps and Cornerstone Community ChurchMORE STORIES"}