{"12_https://www.wionews.com/trending/light-pollution-from-satellites-worse-than-previously-thought-warn-scientists-574195_p0": 1, "12_https://www.wionews.com/trending/light-pollution-from-satellites-worse-than-previously-thought-warn-scientists-574195_p1": 1, "12_https://www.wionews.com/trending/light-pollution-from-satellites-worse-than-previously-thought-warn-scientists-574195_p2": 1, "12_https://www.theregister.com/2023/03/20/earth_light_pollution/_p0": 1, "12_https://www.theregister.com/2023/03/20/earth_light_pollution/_p1": 1, "12_https://www.theregister.com/2023/03/20/earth_light_pollution/_p2": 1, "12_https://www.theregister.com/2023/03/20/earth_light_pollution/_p3": 1, "12_https://www.nature.com/articles/s41550-023-01916-y_p0": 1, "12_https://www.nature.com/articles/s41550-023-01916-y_p1": 0, "12_https://www.nature.com/articles/s41550-023-01916-y_p2": 0, "12_https://www.nature.com/articles/s41550-023-01916-y_p3": 0, "12_https://www.nature.com/articles/s41550-023-01916-y_p4": 0, "12_https://www.nature.com/articles/s41550-023-01916-y_p5": 0, "12_https://www.nature.com/articles/s41550-023-01916-y_p6": 0, "12_https://www.nature.com/articles/s41550-023-01916-y_p7": 0, "12_https://www.nature.com/articles/s41550-023-01916-y_p8": 0, "12_https://www.nature.com/articles/s41550-023-01916-y_p9": 0, "12_https://www.nature.com/articles/s41550-023-01916-y_p10": 0, "12_https://www.nature.com/articles/s41550-023-01916-y_p11": 0, "12_https://www.nature.com/articles/s41550-023-01916-y_p12": 0, "12_https://www.nature.com/articles/s41550-023-01916-y_p13": 0, "12_https://www.kvnf.org/2023-03-19/light-pollution-frustrates-astronomers-looking-for-discoveries_p0": 1, "12_https://www.kvnf.org/2023-03-19/light-pollution-frustrates-astronomers-looking-for-discoveries_p1": 1, "12_https://www.kvnf.org/2023-03-19/light-pollution-frustrates-astronomers-looking-for-discoveries_p2": 1, "12_https://www.kvnf.org/2023-03-19/light-pollution-frustrates-astronomers-looking-for-discoveries_p3": 1, "12_https://www.kclu.org/2023-03-19/light-pollution-frustrates-astronomers-looking-for-discoveries_p0": 1, "12_https://www.kclu.org/2023-03-19/light-pollution-frustrates-astronomers-looking-for-discoveries_p1": 1, "12_https://www.kclu.org/2023-03-19/light-pollution-frustrates-astronomers-looking-for-discoveries_p2": 1, "12_https://www.kclu.org/2023-03-19/light-pollution-frustrates-astronomers-looking-for-discoveries_p3": 1, "12_https://www.wmra.org/2023-03-19/light-pollution-frustrates-astronomers-looking-for-discoveries_p0": 1, "12_https://www.wmra.org/2023-03-19/light-pollution-frustrates-astronomers-looking-for-discoveries_p1": 1, "12_https://www.wmra.org/2023-03-19/light-pollution-frustrates-astronomers-looking-for-discoveries_p2": 1, "12_https://www.wmra.org/2023-03-19/light-pollution-frustrates-astronomers-looking-for-discoveries_p3": 1, "12_https://themorningnews.com/news/2023/03/20/satellites-space-junk-thwart-space-imagery-scientists-say/_p0": 1, "12_https://themorningnews.com/news/2023/03/20/satellites-space-junk-thwart-space-imagery-scientists-say/_p1": 1, "12_https://www.wbfo.org/2023-03-19/light-pollution-frustrates-astronomers-looking-for-discoveries_p0": 1, "12_https://www.wbfo.org/2023-03-19/light-pollution-frustrates-astronomers-looking-for-discoveries_p1": 1, "12_https://www.wbfo.org/2023-03-19/light-pollution-frustrates-astronomers-looking-for-discoveries_p2": 1, "12_https://www.wbfo.org/2023-03-19/light-pollution-frustrates-astronomers-looking-for-discoveries_p3": 1, "12_https://www.kalw.org/2023-03-19/light-pollution-frustrates-astronomers-looking-for-discoveries_p0": 1, "12_https://www.kalw.org/2023-03-19/light-pollution-frustrates-astronomers-looking-for-discoveries_p1": 1, "12_https://www.kalw.org/2023-03-19/light-pollution-frustrates-astronomers-looking-for-discoveries_p2": 1, "12_https://www.kalw.org/2023-03-19/light-pollution-frustrates-astronomers-looking-for-discoveries_p3": 1, "12_https://wusfnews.wusf.usf.edu/2023-03-19/light-pollution-frustrates-astronomers-looking-for-discoveries_p0": 1, "12_https://wusfnews.wusf.usf.edu/2023-03-19/light-pollution-frustrates-astronomers-looking-for-discoveries_p1": 1, "12_https://wusfnews.wusf.usf.edu/2023-03-19/light-pollution-frustrates-astronomers-looking-for-discoveries_p2": 1, "12_https://wusfnews.wusf.usf.edu/2023-03-19/light-pollution-frustrates-astronomers-looking-for-discoveries_p3": 1}