{"131_https://www.dailysabah.com/turkiye/turkiye-prepares-to-welcome-holy-month-of-ramadan/news_p0": 1, "131_https://www.dailysabah.com/turkiye/turkiye-prepares-to-welcome-holy-month-of-ramadan/news_p1": 1, "131_https://www.dailysabah.com/turkiye/turkiye-prepares-to-welcome-holy-month-of-ramadan/news_p2": 1, "131_https://apnews.com/article/ramadan-islam-holy-month-fasting-indonesia-9fda0a0357ef41eac88e0db2488dea2d_p0": 1, "131_https://apnews.com/article/ramadan-islam-holy-month-fasting-indonesia-9fda0a0357ef41eac88e0db2488dea2d_p1": 1, "131_https://apnews.com/article/ramadan-islam-holy-month-fasting-indonesia-9fda0a0357ef41eac88e0db2488dea2d_p2": 1, "131_https://apnews.com/article/ramadan-islam-holy-month-fasting-indonesia-9fda0a0357ef41eac88e0db2488dea2d_p3": 1, "131_https://apnews.com/article/ramadan-islam-holy-month-fasting-indonesia-9fda0a0357ef41eac88e0db2488dea2d_p4": 1, "131_https://apnews.com/article/ramadan-islam-holy-month-fasting-indonesia-9fda0a0357ef41eac88e0db2488dea2d_p5": 1, "131_https://www.arabnews.com/node/2273326/world_p0": 0, "131_https://www.arabnews.com/node/2273326/world_p1": 0, "131_https://www.arabnews.com/node/2273326/world_p2": 0, "131_https://www.arabnews.com/node/2273326/world_p3": 0, "131_https://www.arabnews.com/node/2273326/world_p4": 0, "131_https://www.arabnews.com/node/2273326/world_p5": 0, "131_https://www.cbc.ca/news/world/ramadan-begins-photo-scroller-1.6786786_p0": 1, "131_https://www.cbc.ca/news/world/ramadan-begins-photo-scroller-1.6786786_p1": 1, "131_https://www.cbc.ca/news/world/ramadan-begins-photo-scroller-1.6786786_p2": 1, "131_https://apnews.com/article/ramadan-islam-holy-month-9f797d0a724c8c4dda00df3afbfd0454_p0": 1, "131_https://apnews.com/article/ramadan-islam-holy-month-9f797d0a724c8c4dda00df3afbfd0454_p1": 1, "131_https://apnews.com/article/ramadan-islam-holy-month-9f797d0a724c8c4dda00df3afbfd0454_p2": 1, "131_https://apnews.com/article/ramadan-islam-holy-month-9f797d0a724c8c4dda00df3afbfd0454_p3": 1, "131_https://apnews.com/article/ramadan-islam-holy-month-9f797d0a724c8c4dda00df3afbfd0454_p4": 1, "131_https://apnews.com/article/ramadan-islam-holy-month-9f797d0a724c8c4dda00df3afbfd0454_p5": 1, "131_https://apnews.com/article/ramadan-islam-holy-month-9f797d0a724c8c4dda00df3afbfd0454_p6": 1, "131_https://apnews.com/article/ramadan-islam-holy-month-9f797d0a724c8c4dda00df3afbfd0454_p7": 1, "131_https://apnews.com/article/ramadan-mideast-inflation-war-yemen-fast-f1c1161c0840256009b702b1d732bad2_p0": 1, "131_https://apnews.com/article/ramadan-mideast-inflation-war-yemen-fast-f1c1161c0840256009b702b1d732bad2_p1": 1, "131_https://apnews.com/article/ramadan-mideast-inflation-war-yemen-fast-f1c1161c0840256009b702b1d732bad2_p2": 1, "131_https://apnews.com/article/ramadan-mideast-inflation-war-yemen-fast-f1c1161c0840256009b702b1d732bad2_p3": 1, "131_https://apnews.com/article/ramadan-mideast-inflation-war-yemen-fast-f1c1161c0840256009b702b1d732bad2_p4": 1, "131_https://apnews.com/article/ramadan-mideast-inflation-war-yemen-fast-f1c1161c0840256009b702b1d732bad2_p5": 1, "131_https://apnews.com/article/ramadan-mideast-inflation-war-yemen-fast-f1c1161c0840256009b702b1d732bad2_p6": 0, "131_https://www.msn.com/en-us/news/world/holy-month-of-ramadan-begins-for-muslims-across-the-world/ar-AA18XKIG_p0": 1, "131_https://www.msn.com/en-us/news/world/holy-month-of-ramadan-begins-for-muslims-across-the-world/ar-AA18XKIG_p1": 1, "131_https://www.msn.com/en-us/news/world/holy-month-of-ramadan-begins-for-muslims-across-the-world/ar-AA18XKIG_p2": 1, "131_https://www.msn.com/en-us/news/world/holy-month-of-ramadan-begins-for-muslims-across-the-world/ar-AA18XKIG_p3": 1, "131_https://www.msn.com/en-us/news/world/holy-month-of-ramadan-begins-for-muslims-across-the-world/ar-AA18XKIG_p4": 1, "131_https://www.msn.com/en-us/news/world/holy-month-of-ramadan-begins-for-muslims-across-the-world/ar-AA18XKIG_p5": 1, "131_https://www.msn.com/en-us/news/world/holy-month-of-ramadan-begins-for-muslims-across-the-world/ar-AA18XKIG_p6": 0, "131_https://ktvz.com/news/ap-national-news/2023/03/23/ramadan-begins-in-mideast-amid-high-costs-hopes-for-peace/_p0": 1, "131_https://ktvz.com/news/ap-national-news/2023/03/23/ramadan-begins-in-mideast-amid-high-costs-hopes-for-peace/_p1": 1, "131_https://ktvz.com/news/ap-national-news/2023/03/23/ramadan-begins-in-mideast-amid-high-costs-hopes-for-peace/_p2": 1, "131_https://ktvz.com/news/ap-national-news/2023/03/23/ramadan-begins-in-mideast-amid-high-costs-hopes-for-peace/_p3": 1, "131_https://ktvz.com/news/ap-national-news/2023/03/23/ramadan-begins-in-mideast-amid-high-costs-hopes-for-peace/_p4": 1, "131_https://ktvz.com/news/ap-national-news/2023/03/23/ramadan-begins-in-mideast-amid-high-costs-hopes-for-peace/_p5": 1, "131_https://ktvz.com/news/ap-national-news/2023/03/23/ramadan-begins-in-mideast-amid-high-costs-hopes-for-peace/_p6": 1, "131_https://ktvz.com/news/ap-national-news/2023/03/23/ramadan-begins-in-mideast-amid-high-costs-hopes-for-peace/_p7": 0, "131_https://kstp.com/kstp-news/top-news/holy-month-of-ramadan-begins-for-muslims-across-the-world/_p0": 1, "131_https://kstp.com/kstp-news/top-news/holy-month-of-ramadan-begins-for-muslims-across-the-world/_p1": 1, "131_https://kstp.com/kstp-news/top-news/holy-month-of-ramadan-begins-for-muslims-across-the-world/_p2": 0, "131_https://kstp.com/kstp-news/top-news/holy-month-of-ramadan-begins-for-muslims-across-the-world/_p3": 1, "131_https://kstp.com/kstp-news/top-news/holy-month-of-ramadan-begins-for-muslims-across-the-world/_p4": 1, "131_https://kstp.com/kstp-news/top-news/holy-month-of-ramadan-begins-for-muslims-across-the-world/_p5": 1, "131_https://kstp.com/kstp-news/top-news/holy-month-of-ramadan-begins-for-muslims-across-the-world/_p6": 0, "131_https://kstp.com/kstp-news/top-news/holy-month-of-ramadan-begins-for-muslims-across-the-world/_p7": 1, "131_https://kstp.com/kstp-news/top-news/holy-month-of-ramadan-begins-for-muslims-across-the-world/_p8": 1, "131_https://www.khaleejtimes.com/ramadan/look-uae-worshippers-offer-first-taraweeh-prayers-for-the-holy-month-of-ramadan_p0": 1, "131_https://www.khaleejtimes.com/ramadan/look-uae-worshippers-offer-first-taraweeh-prayers-for-the-holy-month-of-ramadan_p1": 0}