{"20_https://www.monitor.co.ug/uganda/news/national/fdc-asks-govt-to-intervene-as-kenya-protests-spill-into-uganda-4166958_p0": 1, "20_https://www.monitor.co.ug/uganda/news/national/fdc-asks-govt-to-intervene-as-kenya-protests-spill-into-uganda-4166958_p1": 1, "20_https://www.monitor.co.ug/uganda/news/national/fdc-asks-govt-to-intervene-as-kenya-protests-spill-into-uganda-4166958_p2": 1, "20_https://www.monitor.co.ug/uganda/news/national/fdc-asks-govt-to-intervene-as-kenya-protests-spill-into-uganda-4166958_p3": 1, "20_https://www.monitor.co.ug/uganda/news/national/fdc-asks-govt-to-intervene-as-kenya-protests-spill-into-uganda-4166958_p4": 1, "20_https://www.monitor.co.ug/uganda/news/national/fdc-asks-govt-to-intervene-as-kenya-protests-spill-into-uganda-4166958_p5": 1, "20_https://www.monitor.co.ug/uganda/news/national/fdc-asks-govt-to-intervene-as-kenya-protests-spill-into-uganda-4166958_p6": 1, "20_https://www.deccanherald.com/international/world-news-politics/tear-gas-arrests-as-kenya-opposition-stages-protests-1201945.html_p0": 1, "20_https://www.deccanherald.com/international/world-news-politics/tear-gas-arrests-as-kenya-opposition-stages-protests-1201945.html_p1": 1, "20_https://www.deccanherald.com/international/world-news-politics/tear-gas-arrests-as-kenya-opposition-stages-protests-1201945.html_p2": 1, "20_https://www.deccanherald.com/international/world-news-politics/tear-gas-arrests-as-kenya-opposition-stages-protests-1201945.html_p3": 1, "20_https://www.news4jax.com/business/2023/03/21/kenya-police-say-1-killed-in-opposition-led-protests/_p0": 1, "20_https://www.news4jax.com/business/2023/03/21/kenya-police-say-1-killed-in-opposition-led-protests/_p1": 1, "20_https://www.news4jax.com/business/2023/03/21/kenya-police-say-1-killed-in-opposition-led-protests/_p2": 1, "20_https://www.foxnews.com/world/kenyan-anti-government-protests-lead-1-dead-31-officers-injured-200-protestors-arrested_p0": 1, "20_https://www.foxnews.com/world/kenyan-anti-government-protests-lead-1-dead-31-officers-injured-200-protestors-arrested_p1": 1, "20_https://www.foxnews.com/world/kenyan-anti-government-protests-lead-1-dead-31-officers-injured-200-protestors-arrested_p2": 1, "20_https://allafrica.com/stories/202303210139.html_p0": 1, "20_https://allafrica.com/stories/202303210139.html_p1": 1, "20_https://allafrica.com/stories/202303210139.html_p2": 1, "20_https://allafrica.com/stories/202303210139.html_p3": 1, "20_https://allafrica.com/stories/202303210139.html_p4": 1, "20_https://allafrica.com/stories/202303210139.html_p5": 1, "20_https://allafrica.com/stories/202303210139.html_p6": 1, "20_https://allafrica.com/stories/202303210139.html_p7": 1, "20_https://abcnews.go.com/Business/wireStory/kenya-police-1-killed-opposition-led-protests-98015453_p0": 1, "20_https://abcnews.go.com/Business/wireStory/kenya-police-1-killed-opposition-led-protests-98015453_p1": 1, "20_https://abcnews.go.com/Business/wireStory/kenya-police-1-killed-opposition-led-protests-98015453_p2": 1, "20_https://www.rte.ie/news/world/2023/0320/1364187-kenya-protests/_p0": 1, "20_https://www.rte.ie/news/world/2023/0320/1364187-kenya-protests/_p1": 1, "20_https://www.rte.ie/news/world/2023/0320/1364187-kenya-protests/_p2": 1, "20_https://www.rte.ie/news/world/2023/0320/1364187-kenya-protests/_p3": 1, "20_https://www.clickondetroit.com/business/2023/03/21/kenya-police-say-1-killed-in-opposition-led-protests/_p0": 1, "20_https://www.clickondetroit.com/business/2023/03/21/kenya-police-say-1-killed-in-opposition-led-protests/_p1": 1, "20_https://www.clickondetroit.com/business/2023/03/21/kenya-police-say-1-killed-in-opposition-led-protests/_p2": 1, "20_https://www.marketscreener.com/news/latest/Opposition-arrests-tear-gas-fired-at-Kenyan-protests--43289027/_p0": 1, "20_https://www.marketscreener.com/news/latest/Opposition-arrests-tear-gas-fired-at-Kenyan-protests--43289027/_p1": 1, "20_https://www.marketscreener.com/news/latest/Opposition-arrests-tear-gas-fired-at-Kenyan-protests--43289027/_p2": 1, "20_https://www.wsws.org/en/articles/2023/03/20/wpzr-m20.html_p0": 1, "20_https://www.wsws.org/en/articles/2023/03/20/wpzr-m20.html_p1": 1, "20_https://www.wsws.org/en/articles/2023/03/20/wpzr-m20.html_p2": 1, "20_https://www.wsws.org/en/articles/2023/03/20/wpzr-m20.html_p3": 1, "20_https://www.wsws.org/en/articles/2023/03/20/wpzr-m20.html_p4": 1, "20_https://www.wsws.org/en/articles/2023/03/20/wpzr-m20.html_p5": 1, "20_https://www.wsws.org/en/articles/2023/03/20/wpzr-m20.html_p6": 0, "20_https://www.wsws.org/en/articles/2023/03/20/wpzr-m20.html_p7": 0, "20_https://www.wsws.org/en/articles/2023/03/20/wpzr-m20.html_p8": 0, "20_https://www.wsws.org/en/articles/2023/03/20/wpzr-m20.html_p9": 0, "20_https://www.wsws.org/en/articles/2023/03/20/wpzr-m20.html_p10": 0}