{"33_https://www.aljazeera.com/news/2023/3/17/us-blasts-china-for-attempt-to-shield-north-korea-at-un-meeting_p0": 1, "33_https://www.aljazeera.com/news/2023/3/17/us-blasts-china-for-attempt-to-shield-north-korea-at-un-meeting_p1": 1, "33_https://www.aljazeera.com/news/2023/3/17/us-blasts-china-for-attempt-to-shield-north-korea-at-un-meeting_p2": 1, "33_https://www.aljazeera.com/news/2023/3/17/us-blasts-china-for-attempt-to-shield-north-korea-at-un-meeting_p3": 1, "33_https://www.aljazeera.com/news/2023/3/17/us-blasts-china-for-attempt-to-shield-north-korea-at-un-meeting_p4": 1, "33_https://www.yahoo.com/lifestyle/u-accuses-china-trying-hide-182042264.html_p0": 1, "33_https://www.yahoo.com/lifestyle/u-accuses-china-trying-hide-182042264.html_p1": 1, "33_https://www.yahoo.com/lifestyle/u-accuses-china-trying-hide-182042264.html_p2": 1, "33_https://en.yna.co.kr/view/AEN20230313002500325_p0": 1, "33_https://en.yna.co.kr/view/AEN20230313002500325_p1": 1, "33_https://www.yahoo.com/lifestyle/west-spotlights-north-korea-rights-042221561.html_p0": 1, "33_https://www.yahoo.com/lifestyle/west-spotlights-north-korea-rights-042221561.html_p1": 1, "33_https://www.yahoo.com/lifestyle/west-spotlights-north-korea-rights-042221561.html_p2": 1, "33_https://www.yahoo.com/lifestyle/west-spotlights-north-korea-rights-042221561.html_p3": 1, "33_https://www.yahoo.com/lifestyle/west-spotlights-north-korea-rights-042221561.html_p4": 1, "33_https://www.yahoo.com/lifestyle/west-spotlights-north-korea-rights-042221561.html_p5": 1, "33_https://www3.nhk.or.jp/nhkworld/en/news/20230318_N01/_p0": 1, "33_https://www3.nhk.or.jp/nhkworld/en/news/20230318_N01/_p1": 1, "33_https://www.business-standard.com/article/international/kim-accountable-for-north-korea-s-human-rights-violations-us-ambassador-123031800191_1.html_p0": 1, "33_https://www.business-standard.com/article/international/kim-accountable-for-north-korea-s-human-rights-violations-us-ambassador-123031800191_1.html_p1": 1, "33_https://www.business-standard.com/article/international/kim-accountable-for-north-korea-s-human-rights-violations-us-ambassador-123031800191_1.html_p2": 1, "33_https://www.jpost.com/international/article-734667_p0": 1, "33_https://www.jpost.com/international/article-734667_p1": 1, "33_https://www.jpost.com/international/article-734667_p2": 1, "33_https://www.polygraph.info/a/fact-check-china-misleads-on-why-north-korea-denuclearization-failed/7013540.html_p0": 1, "33_https://www.polygraph.info/a/fact-check-china-misleads-on-why-north-korea-denuclearization-failed/7013540.html_p1": 0, "33_https://www.polygraph.info/a/fact-check-china-misleads-on-why-north-korea-denuclearization-failed/7013540.html_p2": 0, "33_https://www.polygraph.info/a/fact-check-china-misleads-on-why-north-korea-denuclearization-failed/7013540.html_p3": 0, "33_https://www.polygraph.info/a/fact-check-china-misleads-on-why-north-korea-denuclearization-failed/7013540.html_p4": 0, "33_https://www.polygraph.info/a/fact-check-china-misleads-on-why-north-korea-denuclearization-failed/7013540.html_p5": 0, "33_https://www.polygraph.info/a/fact-check-china-misleads-on-why-north-korea-denuclearization-failed/7013540.html_p6": 0, "33_https://www.polygraph.info/a/fact-check-china-misleads-on-why-north-korea-denuclearization-failed/7013540.html_p7": 0, "33_https://www.amnesty.org/en/latest/news/2023/03/north-korea-un-security-council-meeting-must-refocus-attention-on-neglected-human-rights-situation/_p0": 1, "33_https://www.amnesty.org/en/latest/news/2023/03/north-korea-un-security-council-meeting-must-refocus-attention-on-neglected-human-rights-situation/_p1": 1, "33_https://www.amnesty.org/en/latest/news/2023/03/north-korea-un-security-council-meeting-must-refocus-attention-on-neglected-human-rights-situation/_p2": 1, "33_https://www.latestly.com/socially/india/news/united-states-accused-china-of-attempting-to-hide-northkoreas-atrocities-from-the-world-latest-tweet-by-dd-news-4961277.html_p0": 1}