{"34_https://www.africanews.com/2023/03/20/gunmen-kill-9-chinese-at-mine-in-central-african-republic/_p0": 1, "34_https://www.africanews.com/2023/03/20/gunmen-kill-9-chinese-at-mine-in-central-african-republic/_p1": 1, "34_https://www.africanews.com/2023/03/20/gunmen-kill-9-chinese-at-mine-in-central-african-republic/_p2": 1, "34_https://www.africanews.com/2023/03/20/gunmen-kill-9-chinese-at-mine-in-central-african-republic/_p3": 1, "34_https://www.myind.net/Home/viewArticle/central-african-republic-rebels-storm-mine-9-chinese-killed_p0": 1, "34_https://www.myind.net/Home/viewArticle/central-african-republic-rebels-storm-mine-9-chinese-killed_p1": 1, "34_https://www.myind.net/Home/viewArticle/central-african-republic-rebels-storm-mine-9-chinese-killed_p2": 1, "34_https://www.trtworld.com/africa/chinese-nationals-killed-by-armed-group-in-central-african-republic-66293_p0": 1, "34_https://www.trtworld.com/africa/chinese-nationals-killed-by-armed-group-in-central-african-republic-66293_p1": 1, "34_https://www.yahoo.com/news/central-african-republic-rebels-storm-161937524.html_p0": 1, "34_https://www.yahoo.com/news/central-african-republic-rebels-storm-161937524.html_p1": 1, "34_https://www.yahoo.com/news/central-african-republic-rebels-storm-161937524.html_p2": 1, "34_https://www.yahoo.com/news/central-african-republic-rebels-storm-161937524.html_p3": 1, "34_https://www.expressnews.com/news/politics/article/central-african-republic-rebels-storm-mine-9-17848129.php_p0": 1, "34_https://www.expressnews.com/news/politics/article/central-african-republic-rebels-storm-mine-9-17848129.php_p1": 1, "34_https://www.expressnews.com/news/politics/article/central-african-republic-rebels-storm-mine-9-17848129.php_p2": 1, "34_https://www.expressnews.com/news/politics/article/central-african-republic-rebels-storm-mine-9-17848129.php_p3": 1, "34_https://www.devdiscourse.com/article/law-order/2386565-china-warns-nationals-after-killings-in-central-african-republic_p0": 1, "34_https://www.devdiscourse.com/article/law-order/2386565-china-warns-nationals-after-killings-in-central-african-republic_p1": 1, "34_https://www.devdiscourse.com/article/law-order/2386565-china-warns-nationals-after-killings-in-central-african-republic_p2": 1, "34_https://www.devdiscourse.com/article/law-order/2386565-china-warns-nationals-after-killings-in-central-african-republic_p3": 0, "34_https://africafeeds.com/2023/03/20/china-outraged-over-the-killing-of-its-nationals-in-central-african-republic/_p0": 1, "34_https://africafeeds.com/2023/03/20/china-outraged-over-the-killing-of-its-nationals-in-central-african-republic/_p1": 1, "34_https://www.theguardian.com/world/2023/mar/20/armed-men-kill-chinese-nationals-central-african-republic_p0": 1, "34_https://www.theguardian.com/world/2023/mar/20/armed-men-kill-chinese-nationals-central-african-republic_p1": 1, "34_https://www.theguardian.com/world/2023/mar/20/armed-men-kill-chinese-nationals-central-african-republic_p2": 1, "34_https://radionigeriaibadan.gov.ng/2023/03/20/chinas-president-condemns-killings-in-car/_p0": 1, "34_https://radionigeriaibadan.gov.ng/2023/03/20/chinas-president-condemns-killings-in-car/_p1": 1, "34_https://www.arabnews.com/node/2271891/world_p0": 0, "34_https://www.arabnews.com/node/2271891/world_p1": 0, "34_https://www.arabnews.com/node/2271891/world_p2": 0, "34_https://www.arabnews.com/node/2271891/world_p3": 0, "34_https://www.arabnews.com/node/2271891/world_p4": 0, "34_https://www.arabnews.com/node/2271891/world_p5": 0}