{"51_https://www.globaltimes.cn/page/202303/1287625.shtml_p0": 1, "51_https://www.globaltimes.cn/page/202303/1287625.shtml_p1": 1, "51_https://www.globaltimes.cn/page/202303/1287625.shtml_p2": 1, "51_https://www.globaltimes.cn/page/202303/1287625.shtml_p3": 1, "51_https://www.globaltimes.cn/page/202303/1287625.shtml_p4": 1, "51_https://www.globaltimes.cn/page/202303/1287625.shtml_p5": 1, "51_https://www.globaltimes.cn/page/202303/1287625.shtml_p6": 1, "51_https://www.globaltimes.cn/page/202303/1287625.shtml_p7": 1, "51_https://www.globaltimes.cn/page/202303/1287625.shtml_p8": 1, "51_https://www.globaltimes.cn/page/202303/1287625.shtml_p9": 1, "51_https://nypost.com/2023/03/21/chinas-xi-invites-dear-friend-putin-to-visit/_p0": 1, "51_https://nypost.com/2023/03/21/chinas-xi-invites-dear-friend-putin-to-visit/_p1": 1, "51_https://nypost.com/2023/03/21/chinas-xi-invites-dear-friend-putin-to-visit/_p2": 1, "51_https://nypost.com/2023/03/21/chinas-xi-invites-dear-friend-putin-to-visit/_p3": 1, "51_https://apnews.com/article/china-xi-russia-visit-putin-airport-protocol-8f70daa7ff3937c0ebb78700dad906bb_p0": 1, "51_https://apnews.com/article/china-xi-russia-visit-putin-airport-protocol-8f70daa7ff3937c0ebb78700dad906bb_p1": 1, "51_https://apnews.com/article/china-xi-russia-visit-putin-airport-protocol-8f70daa7ff3937c0ebb78700dad906bb_p2": 1, "51_https://apnews.com/article/china-xi-russia-visit-putin-airport-protocol-8f70daa7ff3937c0ebb78700dad906bb_p3": 1, "51_https://apnews.com/article/china-xi-russia-visit-putin-airport-protocol-8f70daa7ff3937c0ebb78700dad906bb_p4": 1, "51_https://www.yahoo.com/lifestyle/antony-blinken-says-xi-jinpings-093000590.html_p0": 1, "51_https://www.yahoo.com/lifestyle/antony-blinken-says-xi-jinpings-093000590.html_p1": 1, "51_https://www.yahoo.com/lifestyle/antony-blinken-says-xi-jinpings-093000590.html_p2": 1, "51_https://www.yahoo.com/lifestyle/antony-blinken-says-xi-jinpings-093000590.html_p3": 0, "51_https://www.yahoo.com/lifestyle/antony-blinken-says-xi-jinpings-093000590.html_p4": 0, "51_https://www.yahoo.com/lifestyle/antony-blinken-says-xi-jinpings-093000590.html_p5": 0, "51_https://www.yahoo.com/lifestyle/antony-blinken-says-xi-jinpings-093000590.html_p6": 0, "51_https://thehill.com/opinion/international/3909219-putin-and-xi-must-be-taught-the-lessons-hitler-and-mussolini-learned-the-hard-way/_p0": 1, "51_https://thehill.com/opinion/international/3909219-putin-and-xi-must-be-taught-the-lessons-hitler-and-mussolini-learned-the-hard-way/_p1": 1, "51_https://thehill.com/opinion/international/3909219-putin-and-xi-must-be-taught-the-lessons-hitler-and-mussolini-learned-the-hard-way/_p2": 1, "51_https://thehill.com/opinion/international/3909219-putin-and-xi-must-be-taught-the-lessons-hitler-and-mussolini-learned-the-hard-way/_p3": 0, "51_https://thehill.com/opinion/international/3909219-putin-and-xi-must-be-taught-the-lessons-hitler-and-mussolini-learned-the-hard-way/_p4": 1, "51_https://thehill.com/opinion/international/3909219-putin-and-xi-must-be-taught-the-lessons-hitler-and-mussolini-learned-the-hard-way/_p5": 0, "51_https://thehill.com/opinion/international/3909219-putin-and-xi-must-be-taught-the-lessons-hitler-and-mussolini-learned-the-hard-way/_p6": 0, "51_https://thehill.com/opinion/international/3909219-putin-and-xi-must-be-taught-the-lessons-hitler-and-mussolini-learned-the-hard-way/_p7": 1, "51_https://thehill.com/opinion/international/3909219-putin-and-xi-must-be-taught-the-lessons-hitler-and-mussolini-learned-the-hard-way/_p8": 1, "51_https://thehill.com/opinion/international/3909219-putin-and-xi-must-be-taught-the-lessons-hitler-and-mussolini-learned-the-hard-way/_p9": 0, "51_https://www.themoscowtimes.com/2023/03/21/xi-putin-begin-talks-at-kremlin-with-ukraine-on-agenda-a80539_p0": 1, "51_https://www.themoscowtimes.com/2023/03/21/xi-putin-begin-talks-at-kremlin-with-ukraine-on-agenda-a80539_p1": 1, "51_https://www.themoscowtimes.com/2023/03/21/xi-putin-begin-talks-at-kremlin-with-ukraine-on-agenda-a80539_p2": 1, "51_https://www.themoscowtimes.com/2023/03/21/xi-putin-begin-talks-at-kremlin-with-ukraine-on-agenda-a80539_p3": 1, "51_https://www.themoscowtimes.com/2023/03/21/xi-putin-begin-talks-at-kremlin-with-ukraine-on-agenda-a80539_p4": 0, "51_https://www.themoscowtimes.com/2023/03/21/xi-putin-begin-talks-at-kremlin-with-ukraine-on-agenda-a80539_p5": 1, "51_https://english.news.cn/20230321/024a1792aeb24f8bb56e237a0651dd56/c.html_p0": 1, "51_https://english.news.cn/20230321/024a1792aeb24f8bb56e237a0651dd56/c.html_p1": 1, "51_https://english.news.cn/20230321/024a1792aeb24f8bb56e237a0651dd56/c.html_p2": 1, "51_https://english.news.cn/20230321/024a1792aeb24f8bb56e237a0651dd56/c.html_p3": 1, "51_https://english.news.cn/20230321/024a1792aeb24f8bb56e237a0651dd56/c.html_p4": 1, "51_https://english.news.cn/20230321/024a1792aeb24f8bb56e237a0651dd56/c.html_p5": 1, "51_https://english.news.cn/20230321/024a1792aeb24f8bb56e237a0651dd56/c.html_p6": 1, "51_https://english.news.cn/20230321/024a1792aeb24f8bb56e237a0651dd56/c.html_p7": 1, "51_https://english.news.cn/20230321/024a1792aeb24f8bb56e237a0651dd56/c.html_p8": 1, "51_https://english.news.cn/20230321/024a1792aeb24f8bb56e237a0651dd56/c.html_p9": 1, "51_https://english.news.cn/20230321/024a1792aeb24f8bb56e237a0651dd56/c.html_p10": 1, "51_https://www.theguardian.com/world/2023/mar/21/10-years-strengthening-ties-between-putin-xi-china-russia_p0": 1, "51_https://www.theguardian.com/world/2023/mar/21/10-years-strengthening-ties-between-putin-xi-china-russia_p1": 1, "51_https://www.theguardian.com/world/2023/mar/21/10-years-strengthening-ties-between-putin-xi-china-russia_p2": 1, "51_https://www.theguardian.com/world/2023/mar/21/10-years-strengthening-ties-between-putin-xi-china-russia_p3": 1, "51_https://www.theguardian.com/world/2023/mar/21/10-years-strengthening-ties-between-putin-xi-china-russia_p4": 1, "51_https://www.theguardian.com/world/2023/mar/21/10-years-strengthening-ties-between-putin-xi-china-russia_p5": 1, "51_https://www.theguardian.com/world/2023/mar/21/10-years-strengthening-ties-between-putin-xi-china-russia_p6": 1, "51_https://www.theguardian.com/world/2023/mar/21/10-years-strengthening-ties-between-putin-xi-china-russia_p7": 1, "51_https://www.theglobeandmail.com/opinion/article-putin-icc-arrest-warrant-china/_p0": 1, "51_https://www.theglobeandmail.com/opinion/article-putin-icc-arrest-warrant-china/_p1": 1, "51_https://www.theglobeandmail.com/opinion/article-putin-icc-arrest-warrant-china/_p2": 0, "51_https://www.theglobeandmail.com/opinion/article-putin-icc-arrest-warrant-china/_p3": 1, "51_https://www.theglobeandmail.com/opinion/article-putin-icc-arrest-warrant-china/_p4": 1, "51_https://www.theglobeandmail.com/opinion/article-putin-icc-arrest-warrant-china/_p5": 1}