{"58_https://www.ukrinform.net/rubric-economy/3685311-russia-becomes-chinas-largest-crude-oil-supplier-earlier-this-year.html_p0": 1, "58_https://www.ukrinform.net/rubric-economy/3685311-russia-becomes-chinas-largest-crude-oil-supplier-earlier-this-year.html_p1": 1, "58_https://www.middleeasteye.net/news/russia-surpasses-saudi-arabia-chinas-top-oil-supplier_p0": 1, "58_https://www.middleeasteye.net/news/russia-surpasses-saudi-arabia-chinas-top-oil-supplier_p1": 1, "58_https://www.middleeasteye.net/news/russia-surpasses-saudi-arabia-chinas-top-oil-supplier_p2": 0, "58_https://www.middleeasteye.net/news/russia-surpasses-saudi-arabia-chinas-top-oil-supplier_p3": 1, "58_https://wincountry.com/2023/03/20/factbox-russias-tighter-energy-ties-with-china-since-ukraine-war/_p0": 1, "58_https://wincountry.com/2023/03/20/factbox-russias-tighter-energy-ties-with-china-since-ukraine-war/_p1": 1, "58_https://wincountry.com/2023/03/20/factbox-russias-tighter-energy-ties-with-china-since-ukraine-war/_p2": 1, "58_https://wincountry.com/2023/03/20/factbox-russias-tighter-energy-ties-with-china-since-ukraine-war/_p3": 1, "58_https://wincountry.com/2023/03/20/factbox-russias-tighter-energy-ties-with-china-since-ukraine-war/_p4": 1, "58_https://www.investors.com/news/chevron-energy-stocks-advance-as-russian-oil-finds-home-in-china/_p0": 1, "58_https://www.investors.com/news/chevron-energy-stocks-advance-as-russian-oil-finds-home-in-china/_p1": 1, "58_https://www.investors.com/news/chevron-energy-stocks-advance-as-russian-oil-finds-home-in-china/_p2": 1, "58_https://www.investors.com/news/chevron-energy-stocks-advance-as-russian-oil-finds-home-in-china/_p3": 1, "58_https://www.investors.com/news/chevron-energy-stocks-advance-as-russian-oil-finds-home-in-china/_p4": 0, "58_https://www.investors.com/news/chevron-energy-stocks-advance-as-russian-oil-finds-home-in-china/_p5": 0, "58_https://news.yahoo.com/team-biden-touts-russian-oil-caps-putin-hes-meeting-with-china-to-get-around-them-182845319.html_p0": 1, "58_https://news.yahoo.com/team-biden-touts-russian-oil-caps-putin-hes-meeting-with-china-to-get-around-them-182845319.html_p1": 1, "58_https://news.yahoo.com/team-biden-touts-russian-oil-caps-putin-hes-meeting-with-china-to-get-around-them-182845319.html_p2": 1, "58_https://news.yahoo.com/team-biden-touts-russian-oil-caps-putin-hes-meeting-with-china-to-get-around-them-182845319.html_p3": 1, "58_https://news.yahoo.com/team-biden-touts-russian-oil-caps-putin-hes-meeting-with-china-to-get-around-them-182845319.html_p4": 1, "58_https://news.yahoo.com/team-biden-touts-russian-oil-caps-putin-hes-meeting-with-china-to-get-around-them-182845319.html_p5": 1, "58_https://news.yahoo.com/team-biden-touts-russian-oil-caps-putin-hes-meeting-with-china-to-get-around-them-182845319.html_p6": 1, "58_https://news.yahoo.com/team-biden-touts-russian-oil-caps-putin-hes-meeting-with-china-to-get-around-them-182845319.html_p7": 0, "58_https://asiatimes.com/2023/03/china-to-invest-in-russian-far-east-buy-more-fuel/_p0": 1, "58_https://asiatimes.com/2023/03/china-to-invest-in-russian-far-east-buy-more-fuel/_p1": 1, "58_https://asiatimes.com/2023/03/china-to-invest-in-russian-far-east-buy-more-fuel/_p2": 1, "58_https://asiatimes.com/2023/03/china-to-invest-in-russian-far-east-buy-more-fuel/_p3": 1, "58_https://asiatimes.com/2023/03/china-to-invest-in-russian-far-east-buy-more-fuel/_p4": 1, "58_https://asiatimes.com/2023/03/china-to-invest-in-russian-far-east-buy-more-fuel/_p5": 0, "58_https://asiatimes.com/2023/03/china-to-invest-in-russian-far-east-buy-more-fuel/_p6": 1, "58_https://asiatimes.com/2023/03/china-to-invest-in-russian-far-east-buy-more-fuel/_p7": 1, "58_https://asiatimes.com/2023/03/china-to-invest-in-russian-far-east-buy-more-fuel/_p8": 1, "58_https://asiatimes.com/2023/03/china-to-invest-in-russian-far-east-buy-more-fuel/_p9": 0, "58_https://www.upstreamonline.com/production/russia-to-cut-red-tape-on-oil-and-gas-exports-to-china/2-1-1423105_p0": 1, "58_https://www.upstreamonline.com/production/russia-to-cut-red-tape-on-oil-and-gas-exports-to-china/2-1-1423105_p1": 1, "58_https://www.upstreamonline.com/production/russia-to-cut-red-tape-on-oil-and-gas-exports-to-china/2-1-1423105_p2": 1, "58_https://www.upstreamonline.com/production/russia-to-cut-red-tape-on-oil-and-gas-exports-to-china/2-1-1423105_p3": 1, "58_https://www.upstreamonline.com/production/russia-to-cut-red-tape-on-oil-and-gas-exports-to-china/2-1-1423105_p4": 1, "58_https://www.upstreamonline.com/production/russia-to-cut-red-tape-on-oil-and-gas-exports-to-china/2-1-1423105_p5": 1, "58_https://oilprice.com/Energy/Energy-General/Russia-Overtakes-Saudi-Arabia-To-Become-Chinas-Top-Oil-Supplier.html_p0": 1, "58_https://oilprice.com/Energy/Energy-General/Russia-Overtakes-Saudi-Arabia-To-Become-Chinas-Top-Oil-Supplier.html_p1": 1, "58_https://oilprice.com/Energy/Energy-General/Russia-Overtakes-Saudi-Arabia-To-Become-Chinas-Top-Oil-Supplier.html_p2": 0, "58_https://www.globaltimes.cn/page/202303/1287629.shtml_p0": 1, "58_https://www.globaltimes.cn/page/202303/1287629.shtml_p1": 1, "58_https://www.globaltimes.cn/page/202303/1287629.shtml_p2": 1, "58_https://www.globaltimes.cn/page/202303/1287629.shtml_p3": 0, "58_https://www.globaltimes.cn/page/202303/1287629.shtml_p4": 0, "58_https://www.fxstreet.com/news/wti-aims-to-surpass-70-mark-bolstered-by-putin-xi-meeting-and-us-deposit-guarantee-202303212357_p0": 0, "58_https://www.fxstreet.com/news/wti-aims-to-surpass-70-mark-bolstered-by-putin-xi-meeting-and-us-deposit-guarantee-202303212357_p1": 1, "58_https://www.fxstreet.com/news/wti-aims-to-surpass-70-mark-bolstered-by-putin-xi-meeting-and-us-deposit-guarantee-202303212357_p2": 0}