{"51_https://www.globaltimes.cn/page/202303/1287625.shtml_p0": "Chinese President Xi Jinping arrived in Moscow on Monday to kick off his three-day state visit, with the warm hospitality of the Russian side expressed through the high-standard welcoming ceremony arranged for the Chinese president upon his arrival. Experts from both China and Russia said the visit will be symbolic and have global significance, as it will not only greatly promote the development of bilateral ties, but also bring hope and confidence for a peaceful solution to the Ukraine crisis.Upon his arrival, Xi said in a written statement at Moscow's Vnukovo airport, \"It gives me great pleasure to once again set foot on the soil of Russia, our friendly neighbor, and pay a state visit to the Russian Federation at the invitation of President Vladimir Putin.", "51_https://www.globaltimes.cn/page/202303/1287625.shtml_p1": "\"The growth of China-Russia relations has not only brought tangible benefits to the people of our two countries, but also made important contributions to the development and progress of the world, Xi said.Later, on the same day of his arrival, Xi met Putin in Moscow.The comprehensive strategic partnership of coordination between the two countries has safeguarded the international fairness and justice on the one hand, and promoted common prosperity and development of the two countries on the other, Xi said when he met Putin.In interviews conducted on the streets of Moscow a day before Xi's arrival, the Global Times reporter learned from many Russian people that they consider China to be Russia's \"good friend and good neighbor,\" and are paying great attention to the Chinese president's visit, and will watch related news to see what new agreements will be reached by the two sides.Before Xi's arrival on the same day, the major media of the two countries published the signed articles of Xi and Putin, with analysts saying that this is very unusual and shows that the top leaders of the two countries attach great importance to the comprehensive strategic partnership of coordination for a new era, and the two sides share high-level mutual trust, common ground and shared concerns.According to the Xinhua News Agency, a signed article by President Xi titled \"Forging Ahead to Open a New Chapter of China-Russia Friendship, Cooperation and Common Development\" was published Monday in Russian newspaper Russian Gazette and the website of RIA Novosti news agency ahead of his state visit to Russia.On the same day, Putin's article titled \"Russia and China: A Future-Bound Partnership\" was also published in the People's Daily, the flagship newspaper of the Communist Party of China.Li Haidong, a professor at the Institute of International Relations at the China Foreign Affairs University, told the Global Times that \"normally, only the visiting leader will publish the signed article in a major media outlet of the country that he or she is going to visit, but this time, with Russia as the country receiving the state visit by the Chinese leader, the Russian president also published a signed article in a major Chinese media outlet.", "51_https://www.globaltimes.cn/page/202303/1287625.shtml_p2": "This proves that China-Russia ties are special and extremely close, and the two sides are paying the greatest attention to the coming meeting between the two top leaders. \"The articles written by the two leaders comprehensively covered all important issues of China-Russia cooperation, including economy, trade, diplomacy, energy, aerospace industry, science and technology, as well as sports and culture, and both articles also addressed the Ukraine crisis.Alexander Lukin, director of the Center for East Asian and SCO Studies at the Moscow State Institute of International Relations, told the Global Times that \"in the current situation when many in the West try to press China into taking a hostile approach to Russia, this visit will play a symbolic role. It will demonstrate that China does not yield to anybody's pressure and that the Russian-Chinese strategic partnership is as strong as ever.", "51_https://www.globaltimes.cn/page/202303/1287625.shtml_p3": "\"Chinese analysts said the Ukraine crisis started in 2022 has changed many things, especially the relations between Russia and the West. This makes Moscow attach great importance to developing ties with non-Western countries, and while Russia is sanctioned and blocked by the West, it's becoming more open to the countries that refuse to follow Western anti-Russia policy. Based on this, China-Russia cooperation will see more potential and opportunities in the future.Xi said in his signed article that \"As we (China and Russia) focus on our respective cause of development and rejuvenation, we should get creative in our thinking, create new opportunities and inject new impetus. It is important that we increase mutual trust and bring out the potential of bilateral cooperation to keep China-Russia relations at a high level.", "51_https://www.globaltimes.cn/page/202303/1287625.shtml_p4": "\"Putin said in his article that \"today, the Russia-China relations serve as the cornerstone of regional and global stability, driving the economic growth and securing the positive agenda in international affairs. They provide an example of harmonious and constructive cooperation between major powers. \"The Ukraine crisis is a key hot issue that not only concerns China and Russia, but is also a topic that matters to the whole world. Xi said in his article that his trip to Russia \"will be a journey of friendship, cooperation and peace.\"", "51_https://www.globaltimes.cn/page/202303/1287625.shtml_p5": "Experts said this is a clear signal to the world that Xi's trip is not only eyeing bilateral ties, but will also try to bring hope for a peaceful solution of the complicated ongoing crisis.Since China released its position on the political settlement of the Ukraine crisis, the US has openly and repeatedly opposed a ceasefire between Russia and Ukraine, which China and many members of the international community are trying to mediate.John Kirby, the spokesman for US President Joe Biden's National Security Council, said the proposed ceasefire by China is \"tantamount to 'ratification of Russian conquest,' allowing Russian troops to remain in place, occupying parts of a sovereign country. \"However, even Ukraine, which is directly fighting with Russia, shows a difference of opinion with Washington.", "51_https://www.globaltimes.cn/page/202303/1287625.shtml_p6": "In a phone call with Chinese State Councilor and Foreign Minister Qin Gang on Thursday, a few days ahead of Xi's visit, Ukrainian Foreign Minister Dmytro Kuleba said that China's position paper shows its sincerity in promoting a ceasefire and an end to the conflict. He expressed the hope to maintain communication with China.The point made by Kirby is nonsense and hypocritical, said Li. \"The ceasefire aims to stop the bloodshed and end the pain for both Ukrainian and Russian people, as well as end the fear that is shadowing the continent of Europe. No one will expect the ceasefire to end every problem immediately, but it's the precondition for Moscow and Kiev to solve their problems by talks, not combat. What is the US actually opposing and why?", "51_https://www.globaltimes.cn/page/202303/1287625.shtml_p7": "\"In China's released position on the political settlement of the Ukraine crisis, \"Respecting the sovereignty of all countries\" is the first point highlighted in the document, so the US misinterpretation of China's mediation efforts is truly vicious and groundless, said experts.Li said, \"The US' opposition to a ceasefire and China's call for one presents the most obvious difference between the selfish and vicious intention of the US that only reflects the interest of the force that benefits from the deadly conflict and the common wish for hope shared by the vast majority of the international community.", "51_https://www.globaltimes.cn/page/202303/1287625.shtml_p8": "\"China has confidence in helping the conflicting parties realize a ceasefire and restart peace talks, as China was recently successful in mediating between Saudi Arabia and Iran, which were previously extremely hostile against each other, for agreeing to reestablish diplomatic ties, so China believes that nothing is impossible if all relevant parties are willing to talk rather than fight, experts noted.If there is a country able to play a role in mediating the Ukraine crisis, it has to be a country with a true neutral stance and a position of justice, and the US has already lost this position, so in the next stage, China will keep making efforts for mediation, and during Xi's visit to Russia, the world will hold high expectations of what progress China will make with Russia, analysts noted.", "51_https://www.globaltimes.cn/page/202303/1287625.shtml_p9": "Russian youths, Chinese students, employees of Chinese enterprises and overseas Chinese enthusiastically wave the national flags of China and Russia to welcome Chinese President Xi Jinping's visit to Russia on March 20, 2023 in Moscow. People cheered as they chanted \"Warm welcome.\" Photo: Xinhua", "51_https://nypost.com/2023/03/21/chinas-xi-invites-dear-friend-putin-to-visit/_p0": "Chinese President Xi Jinping invited his \"dear friend\" Russian President Vladimir Putin to visit China this year -- as the Communist power gets slammed for attempting to present itself as a peacemaker in the war in Ukraine.Putin was invited to attend the third Belt and Road Forum for International Cooperation later this year.He previously attended Xi's signature infrastructure initiative in 2017 and 2019.Xi also invited Russian Prime Minister Mikhail Mishaustin to visit and meet the Communist country's new Prime Minister Li Qiang, Russian news agency TASS reported.The Chinese leader claims to have come to Moscow as an arbitrator, bringing with him a 12-point peace plan to settle the conflict in Ukraine.Russia welcomed the plan, which calls for a cease-fire, settling the humanitarian crisis in Ukraine, and a prisoner exchange -- but fails to mention key details like Ukraine's independence and Russia's occupation of its territory.", "51_https://nypost.com/2023/03/21/chinas-xi-invites-dear-friend-putin-to-visit/_p1": "The Chinese leader arrived in Russia with a 12-point peace plan to settle the conflict in Ukraine. SPUTNIK/AFP via Getty ImagesKremlin spokesperson Dmitry Peskov told reporters Tuesday the two leaders had discussed the peace plan during their one-on-one meeting Monday, but would not say if any progress had been made.\"I won't make any assessments. Let's wait for the statements [by the leaders] for the news media,\" following talks on Tuesday.The summary of the discussions also made no mention of whether Xi had offered to act as a mediator between the clashing nations.China offered vague Kremlin-centered talking points as part of a solution to the war in Ukraine. AFP via Getty ImagesOfficials did not say whether any progress was made after Xi and Putin discussed plans to settle the conflict in Ukraine. AP", "51_https://nypost.com/2023/03/21/chinas-xi-invites-dear-friend-putin-to-visit/_p2": "Kyiv and its Western allies have been skeptical of China's intentions in resolving the war as the 12-point plan makes no mention of Ukraine's demand that all Russian troops retreat from its territory.Officials in Taiwan have also expressed distrust of China's attempts to act as a peacemaker in Ukraine while also threatening war against the self-ruled island.Taiwan Foreign Minister Joseph Wu called out the Communist power on the double standard.Chinese President Xi Jinping and Russian President Vladimir Putin arrive before the Russia - China talks in narrow format at the Kremlin. GRIGORY SYSOEV/SPUTNIK/KREMLIN POOL/EPA-EFE/ShutterstockPutin and Xi attend an official welcome ceremony at The Grand Kremlin Palace. SPUTNIK/AFP via Getty ImagesXi invited Putin to the third Belt and Road Forum for International Cooperation later this year. SPUTNIK/Kremlin Poll via AP", "51_https://nypost.com/2023/03/21/chinas-xi-invites-dear-friend-putin-to-visit/_p3": "\"The #PRC threatens war against #Taiwan & others, but wants to propose a peace plan to #Russia, who initiated the war against #Ukraine,\" Wu wrote on the Taiwanese Foreign Ministry's Twitter account.\"We ain't no idiots. Want peace? Both autocrats should immediately stop their threats, aggression & expansionism.\"Xi's visit comes after the International Criminal Court on Friday issued a warrant for Putin's arrest for alleged war crimes.Kyiv and its Western allies have expressed distrust of Xi's plan for peace. SPUTNIK/AFP via Getty ImagesChina's 12-point plan makes no mention of Ukraine's demands that Russian troops retreat from its territory. AFP via Getty ImagesThe Kremlin ignored the authority of the ICC, saying the move was \"legally null and void.\"China's Foreign Ministry on Monday called on the ICC to \"respect the jurisdictional immunity\" of a head of state and \"avoid politicization and double standards.\"", "51_https://apnews.com/article/china-xi-russia-visit-putin-airport-protocol-8f70daa7ff3937c0ebb78700dad906bb_p0": "MOSCOW (AP) -- President Vladimir Putin wasn't waiting at the end of the red carpet to greet Chinese leader Xi Jinping upon his arrival in Russia on Monday for a high-profile visit .But it wasn't a snub.Russia's standard protocol for visiting dignitaries calls for them to be welcomed at the airport by a lower-ranking Cabinet official.Many observers argue that the fighting in Ukraine has made Russia increasingly dependent on China for support as the country becomes isolated from the West.But Putin didn't deviate from the script, and the start of Xi's trip was like that of any visiting leader.Putin sent Deputy Prime Minister Dmitry Chernyshenko to the Russian capital's Vnukovo airport to meet Xi after he stepped off his Boeing 747.The Russian president, meanwhile, was far away in central Moscow busy with other commitments before his high-stakes dinner with Xi in the evening.", "51_https://apnews.com/article/china-xi-russia-visit-putin-airport-protocol-8f70daa7ff3937c0ebb78700dad906bb_p1": "Putin began his day by making an appearance at a meeting of the Interior Ministry's top officials. He also addressed a parliamentary conference involving lawmakers from African nations.ADVERTISEMENTBack at the airport, Xi listened as a Russian military band played the national anthems of China and Russia. He then walked past a line of honorary guards accompanied by Chernyshenko.While Putin didn't break protocol and pamper Xi with a surprise appearance at the airport, the Russian leader showered his Chinese guest with praise when he greeted him inside the Kremlin before a private dinner.Facing the Chinese leader across a small table after they shook hands, Putin hailed what he described as China's \"colossal leap forward\" under Xi's leadership, adding that he feels a bit of envy -- a remark that drew a thin smile from Xi.", "51_https://apnews.com/article/china-xi-russia-visit-putin-airport-protocol-8f70daa7ff3937c0ebb78700dad906bb_p2": "Xi responded in kind, saying he was sure that Putin would receive strong support in the presidential election next year, even though the Russian leader hasn't yet declared his intention to run.They spent about 4 1/2 hours over a seven-course dinner, which included such offerings as a Pacific seafood platter, a sterlet -- or small sturgeon -- soup, quail and mushroom pancakes and venison roasted in cherry sauce. Putin got out to see Xi off and they shook hands again.Before the meeting began, Putin described Xi's visit as a \"landmark event\" in an article published in China's top People's Daily newspaper, saying it offers a \"great opportunity for me to meet with my good old friend with whom we enjoy the warmest relationship.\" He also wrote in detail about their first meeting in 2010, adding that he and Xi met about 40 times and citing a line from Chinese philosopher Confucius that said: \"Is it not a joy to have friends coming from afar!\"", "51_https://apnews.com/article/china-xi-russia-visit-putin-airport-protocol-8f70daa7ff3937c0ebb78700dad906bb_p3": "Xi's visit offers an important political boost to Putin just days after the International Criminal Court issued an arrest warrant for the Russian leader on charges of alleged involvement in abductions of thousands of children from Ukraine.ADVERTISEMENTMoscow, which doesn't recognize the court's jurisdiction, dismissed the move as \"legally null and void,\" but it further ramped up the pressure on the Russian leader.After Monday's private dinner, Putin and Xi will hold official talks on Tuesday that will also be attended by top officials from both countries. They are expected to issue conclusive statements after the negotiations.Analysts say that Western sanctions have made Russia increasingly reliant on China.ADVERTISEMENT\"This relationship is increasingly asymmetrical -- China has much more leverage,\" said Alexander Gabuev, a senior fellow at the Carnegie Endowment who has long studied Russia-China ties.", "51_https://apnews.com/article/china-xi-russia-visit-putin-airport-protocol-8f70daa7ff3937c0ebb78700dad906bb_p4": "Gabuev noted that Xi could be expected to maintain strong support for Putin amid mounting Western pressure.\"The reality is that China sees absolutely no upsides in dumping Vladimir Putin, because there will be no incentives or no points earned in the relationship with the U.S.,\" he said.While most observers say that Beijing will be unlikely to offer Moscow military assistance as the U.S. and other Western allies fear, the alliance with Beijing would allow the Russian leader to pursue his course in Ukraine.\"This helps Russia stay defiant against Western sanctions,\" tweeted Chris Weafer, CEO and Russian economy analyst at the consulting firm Macro-Advisory. \"So long as Russia can trade with China, and other Asian states, it is no danger of running out of money or being forced to concede on the battlefield.\"", "51_https://www.yahoo.com/lifestyle/antony-blinken-says-xi-jinpings-093000590.html_p0": "US Secretary of State Antony Blinken criticised Chinese President Xi Jinping on Monday for providing what he termed diplomatic cover for Russian President Vladimir Putin this week.Xi's meeting with Putin in Moscow on Monday, just days after the International Criminal Court (ICC) issued an arrest warrant for the Russian leader for war crimes in Ukraine, suggests that Beijing \"feels no responsibility to hold the Kremlin accountable for the atrocities committed in Ukraine\", Blinken said.Blinken discussed the Xi-Putin meeting during a press briefing for the release of the State Department's annual report of human rights around the world.Do you have questions about the biggest topics and trends from around the world? Get the answers with SCMP Knowledge, our new platform of curated content with explainers, FAQs, analyses and infographics brought to you by our award-winning team.", "51_https://www.yahoo.com/lifestyle/antony-blinken-says-xi-jinpings-093000590.html_p1": "\"The world should not be fooled by any tactical move by Russia - supported by China or any other country - to freeze the war on its own terms,\" he said.Xi and Putin during their meeting at the Kremlin in Moscow on Monday. Photo: Sputnik via AP alt=Xi and Putin during their meeting at the Kremlin in Moscow on Monday. Photo: Sputnik via AP>Regarding China's peace proposal for the war in Ukraine, Blinken said that the US welcomed any plan that \"advances a just and durable peace\" - noting that the proposal included elements that the US has long supported like upholding sovereignty and independence for all countries.China has called for a political settlement to the war but its 12-point plan does not acknowledge Russia's violation of Ukrainian sovereignty.Any plan seeking a ceasefire that did not uphold Ukraine's sovereignty and territorial integrity, Blinken said, would be \"a stalling tactic at best, or is merely seeking to facilitate an unjust outcome\".", "51_https://www.yahoo.com/lifestyle/antony-blinken-says-xi-jinpings-093000590.html_p2": "\"Calling for a ceasefire that does not include the removal of Russian forces from Ukrainian territory would effectively be supporting the ratification of Russian conquest,\" he added.Story continuesBlinken called on Xi to urge Moscow to pull back its forces, and to work with Ukrainian President Volodymyr Zelensky on Ukraine's version of a peace plan.Chinese foreign ministry spokesman Wang Wenbin said on Monday that \"President Xi's visit is a trip for friendship, a trip for cooperation and a trip for peace\".Wang added that the ICC should \"respect the jurisdictional immunity of a head of state\" and \"not engage in politicisation or using double standards\".The State Department report, which assesses some 200 countries and territories based on standards enshrined in international human rights agreements, included as it has for several decades a catalogue of China's alleged violations.", "51_https://www.yahoo.com/lifestyle/antony-blinken-says-xi-jinpings-093000590.html_p3": "Beijing, Blinken said, \"continues its abuses including genocide and crimes against humanity against Uygurs, repression of Tibetans, crackdown on basic rights in Hong Kong, and targeting of individuals on the mainland for exercising fundamental freedoms\".In addition to naming China and Russia, Blinken called out Iran, Afghanistan, Myanmar, Cuba and Nicaragua in his address.\"We continue to see a backsliding in human rights conditions, the closing of civic space, disrespect for fundamental human dignity,\" he added.As in recent years, the report devoted some of its longest sections to China, particularly to the situation of Uygurs and other minorities in Xinjiang.It also critiqued transnational repression of diaspora Chinese including Hongkongers; China's stringent zero-Covid policies; censorship of anti-Russia and pro-Nato content; the use of Covid-19 tracking apps for non-public health purposes; and harassment of domestic and international human rights groups.", "51_https://www.yahoo.com/lifestyle/antony-blinken-says-xi-jinpings-093000590.html_p4": "Earlier on Monday, China published a report on the state of US democracy, highlighting the US's handling of abortion rights, gun violence and its penchant for dividing the world into \"democracies\" and \"autocracies\".On Monday, Blinken reiterated the US stance: that what distinguished the US and other democracies is the willingness \"to acknowledge our own shortcomings - not to sweep them under the rug, or pretend they don't exist\".Liu Pengyu, a spokesman for the Chinese embassy in Washington, said that Blinken's statement about human rights in China was \"full of political lies and ideological bias\".\"What the US should do is immediately stop pointing fingers at other countries' human rights and do something useful to improve its own human rights situation and the healthy development of the international human rights cause,\" he said.", "51_https://www.yahoo.com/lifestyle/antony-blinken-says-xi-jinpings-093000590.html_p5": "The report comes just ahead of the Biden administration's second \"Summit for Democracy\" - a gathering of officials from government, business and civil society to \"advance democracy, fight corruption and counter authoritarianism\" - next week. Beijing has condemned the initiative and expressed frustration that Taiwan is an invitee.At a session of the United Nation's Human Rights Council this year, China spoke on behalf of what it said was more than 70 countries, declaring that the \"principle of universality of human rights needs to be married with specific national realities\", Wang of the Chinese foreign ministry said.Both China's position on Russia's war in Ukraine and its domestic human rights situation remain sticking points in the US-China relationship.Blinken was set to visit China in February but the trip was postponed after a Chinese surveillance balloon was sighted over US skies.", "51_https://www.yahoo.com/lifestyle/antony-blinken-says-xi-jinpings-093000590.html_p6": "Further complicating the Biden administration's desire to de-escalate tensions with Beijing, Congress is also pushing to renew attention to human rights abuses against the Uygurs, with a hearing scheduled Thursday evening on the topic.This article originally appeared in the South China Morning Post (SCMP), the most authoritative voice reporting on China and Asia for more than a century. For more SCMP stories, please explore the SCMP app or visit the SCMP's Facebook and Twitter pages. Copyright (c) 2023 South China Morning Post Publishers Ltd. All rights reserved.Copyright (c) 2023. South China Morning Post Publishers Ltd. All rights reserved.", "51_https://thehill.com/opinion/international/3909219-putin-and-xi-must-be-taught-the-lessons-hitler-and-mussolini-learned-the-hard-way/_p0": "In the 1930s, Adolf Hitler and Benito Mussolini met several times in each other's countries to pledge their unified opposition to the post-World War I liberal international order. The two dictators committed Nazi Germany and Fascist Italy to a \"common destiny\": to create \"a New Order\" in Europe, an \"axis\" around which the fate of the continent would revolve.Undeterred by the West, they then unleashed the horrors of World War II.Vladimir Putin and Xi Jinping, today's most threatening world leaders, have also engaged in a series of exchange visits, the latest of which is happening this week with Xi's visit to Moscow. It is a fitting bookend to Putin's meeting with Xi for the opening of the Beijing Olympics, where the two dictators announced their \"no-limits strategic partnership\" and effectively declared another cold war against the United States and its democratic allies and partners.", "51_https://thehill.com/opinion/international/3909219-putin-and-xi-must-be-taught-the-lessons-hitler-and-mussolini-learned-the-hard-way/_p1": "Like Hitler and Mussolini almost a century ago, Putin and Xi detest the rules-based international system that has brought stability, peace and economic progress to much of the world. But the system also espouses a regime of democracy and human rights that is anathema to totalitarian despots who lust for total power over repressed populations and seek to extend their control over the people of neighboring countries.Within weeks of their statement of mutual support in February 2022, Putin unleashed the largest, most destructive war in Europe since Hitler's rampages across the continent, repeating what the Nuremberg Tribunal labeled as Nazi Germany's first war crime: a war of aggression.", "51_https://thehill.com/opinion/international/3909219-putin-and-xi-must-be-taught-the-lessons-hitler-and-mussolini-learned-the-hard-way/_p2": "In the course of Russia's own latest aggression -- after the invasions of Georgia in 2008 and Ukraine in 2014 -- Putin's forces have perpetrated a daily terror of war crimes and crimes against humanity: indiscriminate killing of civilians; torture, rape and kidnapping of women and children; and targeted bombings of hospitals, schools, theaters, government buildings, crops, energy infrastructure, etc.For those and other atrocities, the Independent International Commission of Inquiry on Ukraine reported to the United Nations General Assembly last October that a range of war crimes and violations of human rights and international humanitarian law have been committed in areas of Ukraine occupied by Russian forces: \"The impact of these violations on the civilian population in Ukraine is immense. The loss of lives is in the thousands. The destruction of infrastructure is devastating.\" The situation has only grown worse in the six months since the report.", "51_https://thehill.com/opinion/international/3909219-putin-and-xi-must-be-taught-the-lessons-hitler-and-mussolini-learned-the-hard-way/_p3": "Last week, the International Criminal Court (ICC) issued arrest warrants for Putin and Maria Levova-Belova, his Commissioner for Children's Rights in Russia, for the crimes of kidnapping Ukrainian children and deporting them to Russia for adoption, where forced \"Russification\" can be carried out unseen by the outside world. It is Putin's own version of cultural genocide. To show his disdain for these findings by impartial international observers, Putin immediately paid a visit to the site that endured the first of his crimes against civilian population and infrastructure: Mariupol in southern Ukraine.", "51_https://thehill.com/opinion/international/3909219-putin-and-xi-must-be-taught-the-lessons-hitler-and-mussolini-learned-the-hard-way/_p4": "Xi's visit to Moscow this week is intended to lend political and \"moral\" support to Putin, the accused war criminal, who has become an international pariah for the extensive atrocities committed by his forces in Ukraine. But it should be no surprise that Xi does not recoil at smiling, supping and shaking hands with this mass murderer. After all, Xi heads a communist regime that systematically subjugates and imprisons Uyghurs in Xinjiang -- seizing the men and impressing them into forced labor, dispatching Chinese soldiers to cohabit with the women and produce Sinicized babies, desecrating their families and their faith, attempting to erase every vestige of Uyghur or Muslim identity.", "51_https://thehill.com/opinion/international/3909219-putin-and-xi-must-be-taught-the-lessons-hitler-and-mussolini-learned-the-hard-way/_p5": "The United Nations High Commissioner of Human Rights issued a report in August 2022, finding \"allegations of patterns of torture, or ill-treatment, including forced medical treatment and adverse conditions of detention are credible, as are allegations of individual incidents of sexual and gender-based violence.\" It concluded that \"genocide and crimes against humanity\" took place over the course of the past year.Then-Secretary of State Mike Pompeo, speaking for the Trump administration in 2021, condemned the \"decades-long campaign of repression against Uyghur Muslims and members of other ethnic and religious minority groups, including ethnic Kazakhs and ethnic Kyrgyz.\"", "51_https://thehill.com/opinion/international/3909219-putin-and-xi-must-be-taught-the-lessons-hitler-and-mussolini-learned-the-hard-way/_p6": "The statement detailed the abuses and their sinister purpose: \"Their morally repugnant, wholesale policies, practices and abuses are designed systematically to discriminate against and surveil ethnic Uyghurs as a unique demographic and ethnic group, restrict their freedom to travel, emigrate and attend schools, and deny other basic human rights of assembly, speech and worship. [People's Republic of China] authorities have conducted forced sterilizations and abortions on Uyghur women, coerced them to marry non-Uyghurs, and separated Uyghur children from their families.\"Pompeo invoked the Nazi precedent against Xi's regime: \"The Nuremberg Tribunals at the end of World War II prosecuted perpetrators for crimes against humanity, the same crimes being perpetrated in Xinjiang.\"", "51_https://thehill.com/opinion/international/3909219-putin-and-xi-must-be-taught-the-lessons-hitler-and-mussolini-learned-the-hard-way/_p7": "Secretary of State Antony Blinken of the Biden administration has criticized Beijing's obstruction of a fair investigation by the Human Rights Commissioner and declared his own finding that \"genocide and crimes against humanity are ongoing\" in Xinjiang Province.Like Hitler and Mussolini, Putin and Xi are kindred spirits in brutality and the inhuman treatment of people under their control -- their meeting in Moscow could well be called the Genocide Summit. But, aside from \"sanitizing\" Putin and ending his near-total international isolation, Xi could demonstrate more overt support for his war in Ukraine by supplying \"lethal\" weapons, some observers worry.", "51_https://thehill.com/opinion/international/3909219-putin-and-xi-must-be-taught-the-lessons-hitler-and-mussolini-learned-the-hard-way/_p8": "China already has significantly softened the impact of Western sanctions on Russia by increasing its purchase of Russian oil and gas by orders of magnitude, a circumvention that the West tolerates. Washington and other capitals also indulge China's supply of small arms and dual-use technology that can be integrated into Russia's military arsenal. Those willing oversights and the deliberate slow-walking of more potent weapons systems to Ukraine inexcusably prolong the war and Ukraine's suffering.It also extends the potential drain of Western weapons, resources and attention away from the Indo-Pacific arena, where China awaits the opportunity to pounce on Taiwan, Japan and other American allies and partners.", "51_https://thehill.com/opinion/international/3909219-putin-and-xi-must-be-taught-the-lessons-hitler-and-mussolini-learned-the-hard-way/_p9": "The answer to that challenge, however, is not to deprive Ukraine of all it needs, as fast as it needs it, to defeat Russia. Instead, the Biden administration should make explicit and official what the president has casually said four times -- that the United States will directly come to Taiwan's defense. Scrapping the longstanding policy of strategic ambiguity is the safest way to deter China's aggression.If Hitler and Mussolini -- and Putin -- had known the fate that awaited them, they might well have tamed their aggressive urges. Xi still has time to learn that lesson, if a resolute West is prepared to teach it.Joseph Bosco served as China country director for the secretary of Defense from 2005 to 2006 and as Asia-Pacific director of humanitarian assistance and disaster relief from 2009 to 2010. He served in the Pentagon when Vladimir Putin invaded Georgia and was involved in Department of Defense discussions about the U.S. response. Follow him on Twitter @BoscoJosephA.", "51_https://www.themoscowtimes.com/2023/03/21/xi-putin-begin-talks-at-kremlin-with-ukraine-on-agenda-a80539_p0": "Chinese leader Xi Jinping arrived at the Kremlin on Tuesday for formal talks with Russian President Vladimir Putin, with the Ukraine conflict a closely-watched matter on the agenda.Xi entered the Kremlin on a red carpet and was greeted by a military band and a delegation of senior Russian officials including Putin, as both nations seek allies to counteract Western power.The Chinese leader's Moscow visit has been viewed as a boost for Putin, who is under Western sanctions and subject to an International Criminal Court warrant over accusations of unlawfully deporting Ukrainian children.The Kremlin has said the two leaders would discuss proposals put forward by China to end more than a year of fighting in Ukraine, and that the talks were likely to end with Xi and Putin signing a raft of agreements.Xi earlier met with Prime Minister Mikhail Mishustin and hailed Russia and China as \"great neighboring powers\" on the second day of his visit to Russia.", "51_https://www.themoscowtimes.com/2023/03/21/xi-putin-begin-talks-at-kremlin-with-ukraine-on-agenda-a80539_p1": "Beijing and Moscow's trade ties have boomed since Russia's Ukraine campaign, linking the nations more closely and raising worries in Western capitals over how far the ties will go.Xi, who said he had invited Putin to visit China this year, said China's government would \"continue to prioritize the all-round strategic partnership between China and Russia.\"\"We are great neighboring powers,\" he was quoted by Russian news agencies as saying during a meeting with Mishustin.Xi's trip coincides with a surprise visit to Kyiv by Japanese Prime Minister Fumio Kishida, who visited Bucha, a town where Russian forces were accused of committing atrocities during their occupation last year.Ukraine's foreign ministry described the trip as \"historic\" and called it \"a sign of solidarity and strong cooperation between (Ukraine and Japan).\"'Constructive role'On Monday, Xi and Putin held four and a half hours of talks, calling each other \"dear friend.\"", "51_https://www.themoscowtimes.com/2023/03/21/xi-putin-begin-talks-at-kremlin-with-ukraine-on-agenda-a80539_p2": "In a rare move, Putin escorted Xi to his car after the talks, and the two were seen smiling together.During that meeting, the Russian leader said he was open to talks on Ukraine and praised Beijing's 12-point position paper on the conflict, which includes a call for dialogue and respect for all countries' territorial sovereignty.Xi and Putin are also expected to discuss boosting economic cooperation as Russia boosts energy exports to China after being mostly shut out of European markets.Ahead of the talks, Russian gas giant Gazprom said that supplies through the Power of Siberia pipeline to China had reached a daily record on Monday.Xi's three-day visit began a day after Putin traveled to Mariupol in eastern Ukraine, his first trip to territory captured from Kyiv since the start of the assault in February 2022.China has sought to portray itself as a neutral party in the Ukraine conflict, but Washington has said Beijing's moves could be a \"stalling tactic\" to help Moscow.", "51_https://www.themoscowtimes.com/2023/03/21/xi-putin-begin-talks-at-kremlin-with-ukraine-on-agenda-a80539_p3": "U.S. Secretary of State Antony Blinken said Xi's Moscow visit \"suggests that China feels no responsibility to hold the president accountable for the atrocities committed to Ukraine.\"\"And instead of even condemning, it would rather provide diplomatic cover for Russia to continue to commit those great crimes,\" he added.The United States has accused Beijing of mulling arms exports to Moscow, claims China has vociferously denied.Zelensky has said he would welcome talks with Xi, though there has been no indication from Beijing of any such plans.Kishida in KyivAs part of Kishida's visit to Kyiv, he is to offer \"solidarity and support\" in a meeting with Zelensky.Kishida is the last Group of Seven leader to visit Ukraine and has come under increasing pressure to make the trip, as Japan hosts the grouping's summit this May.Japan and China are close trading partners, but Tokyo has been increasingly worried about Beijing's growing assertiveness in the region.", "51_https://www.themoscowtimes.com/2023/03/21/xi-putin-begin-talks-at-kremlin-with-ukraine-on-agenda-a80539_p4": "Japan is part of the U.S.-led security alliance known informally as the Quad, which also includes India and Australia, and positions itself as a bulwark against China's military ambitions in Asia and the Pacific.Moscow and Beijing have over the past years ramped up cooperation, both driven by a desire to counterbalance U.S. global dominance.While Beijing has called for an \"impartial\" mediation in the conflict, Western countries have argued that China's proposals are heavy on grand principles but light on practical solutions.The United States said last week that China's proposals would simply consolidate \"Russian conquest\" and allow the Kremlin to prepare a fresh offensive.China and Russia have often worked in lockstep at the UN Security Council, using their veto power as permanent council members to counter the West.", "51_https://www.themoscowtimes.com/2023/03/21/xi-putin-begin-talks-at-kremlin-with-ukraine-on-agenda-a80539_p5": "Russia's assault on Ukraine has also deepened fears among Western powers that China could one day try to take control of the self-ruled island of Taiwan, which Beijing sees as part of its territory.", "51_https://english.news.cn/20230321/024a1792aeb24f8bb56e237a0651dd56/c.html_p0": "Chinese President Xi Jinping meets with Russian President Vladimir Putin at the Kremlin on his arrival in Moscow, Russia, March 20, 2023. (Xinhua/Shen Hong)MOSCOW, March 21 (Xinhua) -- Chinese President Xi Jinping and his Russian counterpart, Vladimir Putin, have vowed during a meeting here on Monday to further deepen bilateral practical cooperation, and step up coordination on multilateral platforms and in international affairs.Xi arrived in the Russian capital on Monday afternoon for a state visit through Wednesday. When Xi reached the Kremlin, he was greeted by the Kremlin Commandant at the alighting point. Putin warmly shook hands and took photos with Xi. Earlier in the day, the Chinese leader was welcomed by Russian Deputy Prime Minister Dmitry Chernyshenko and other senior Russian officials by the ramp upon arrival at the Moscow Vnukovo Airport.", "51_https://english.news.cn/20230321/024a1792aeb24f8bb56e237a0651dd56/c.html_p1": "It is Xi's first visit to a foreign country this year, and also the first one since his reelection as Chinese president earlier this month.Chinese President Xi Jinping inspects the honor guard of the three services and watches the march-past at the Moscow Vnukovo Airport in Moscow, Russia, March 20, 2023. (Xinhua/Xie Huanchi)Noting that he was pleased to pay another state visit to Russia at the invitation of Putin, the Chinese president said that Russia was the first country he visited after he was elected president 10 years ago and memories from that visit remain fresh today.Putin extended a warm welcome to Xi for his state visit to Russia and once again warmly congratulated him on his reelection as Chinese president.", "51_https://english.news.cn/20230321/024a1792aeb24f8bb56e237a0651dd56/c.html_p2": "Over the past 10 years, the two leaders have stayed in close contact. In a signed article published Monday on Russia's newspaper Russian Gazette and the website of RIA Novosti news agency ahead of the visit, Xi recalled that \"over the years, I have maintained a close working relationship with President Putin. We have met 40 times on bilateral and international occasions.\"Under their guidance, the China-Russia relationship is thriving with new dynamism and vitality. The past years have witnessed such booming cooperation areas as economy, trade and energy. Take two-way trade. Over the past decade, bilateral trade has surged from less than 90 billion U.S. dollars in 2013 to more than 190 billion dollars last year, and is approaching the target of 200 billion dollars set by the two presidents.", "51_https://english.news.cn/20230321/024a1792aeb24f8bb56e237a0651dd56/c.html_p3": "In addition to the fast expansion in volume, the trade structure has also been continuously optimized. Exports of automobiles and spare parts from China to Russia have increased rapidly in recent years. By the end of last year, the number of automobile dealers of Chinese brands in Russia had climbed to 1,041. Meanwhile, quality Russian products like chocolate, ice cream, honey, flour and alcohol have become more widely available for Chinese customers.Energy cooperation is an important cornerstone of practical cooperation of the two countries. Russia is now one of China's leading energy suppliers.\"Our two sides need to raise both the quality and quantity of investment and economic cooperation and step up policy coordination to create favorable conditions for the high-quality development of our investment cooperation,\" Xi urged in the signed article.", "51_https://english.news.cn/20230321/024a1792aeb24f8bb56e237a0651dd56/c.html_p4": "This photo taken on Dec. 2, 2019 shows the joining part of the first highway bridge connecting China and Russia across the Heilongjiang River. (Xinhua/Wang Jianwei)In the eyes of the Chinese leader, there is a profound historical logic for China-Russia relationship to reach where it is today.The two countries should further deepen practical cooperation in various fields and strengthen coordination and collaboration on multilateral platforms such as the United Nations to boost their respective national development and rejuvenation, and be a bulwark for world peace and stability, Xi said during Monday's meeting.", "51_https://english.news.cn/20230321/024a1792aeb24f8bb56e237a0651dd56/c.html_p5": "His remarks were echoed by the Russian president. With concerted efforts by both sides, Russia-China relations in recent years have delivered fruitful results in various areas, Putin said, adding that Russia stands ready to continue to deepen bilateral practical cooperation, step up communication and collaboration in international affairs, and promote world multi-polarity and greater democracy in international relations.In the signed article, Xi described his visit to Russia as \"a journey of friendship, cooperation and peace.\" Russian officials and scholars believe that with the Chinese president's visit, bilateral ties will grow deeper to benefit the people of the two countries and the world at large.", "51_https://english.news.cn/20230321/024a1792aeb24f8bb56e237a0651dd56/c.html_p6": "The Russian people respect President Xi very much and eagerly look forward to the old friend's visit, said Galina Kulikova, first deputy chairperson of the Russia-China Friendship Association. Kulikova has been engaged in Russian-Chinese public diplomacy for more than 65 years and was awarded the Friendship Medal, China's highest state honor. She said that Xi's visit shows that China attaches great importance to bilateral relations and will promote practical cooperation between the two countries.Russia and China have set an example for relationship between major countries, said Vasily Kashin, director of the Center for Comprehensive European and International Studies of Russia's National Research University-Higher School of Economics.\"Russia-China relations, which are efficient, responsible and future-oriented, have played a stabilizing role in international affairs,\" he said.", "51_https://english.news.cn/20230321/024a1792aeb24f8bb56e237a0651dd56/c.html_p7": "During the meeting, the Chinese leader noted that Russia will hold the presidential election next year, and under Putin's strong leadership, Russia has made good progress in development and rejuvenation. Xi said he is confident that the Russian people will continue to give firm support to Putin.This photo taken on March 20, 2023 shows a welcome sign for Chinese President Xi Jinping in Moscow, Russia. (Xinhua/Cao Yang)Xi's visit also comes at a time when the Ukraine crisis is grinding on. During Monday's meeting, the two sides had an in-depth exchange of views on the Ukraine issue.Xi stressed that, on the Ukraine issue, voices for peace and rationality are building. Most countries support easing tensions, stand for peace talks, and are against adding fuel to the fire. A review of history shows that conflicts in the end have to be settled through dialogue and negotiation.", "51_https://english.news.cn/20230321/024a1792aeb24f8bb56e237a0651dd56/c.html_p8": "China released a document on its position on the Ukraine crisis, advocating the political settlement of the crisis and rejecting the Cold War mentality and unilateral sanctions, said Xi.China believes that the more difficulties there are, the greater the need to keep space for peace. The more acute the problem is, the more important it is not to give up efforts for dialogue. China will continue to play a constructive role in promoting the political settlement of the Ukraine issue, said Xi.For his part, Putin said that Russia appreciates China for consistently upholding an impartial, objective, and balanced position and standing for fairness and justice on major international issues. Russia has carefully studied China's position paper on the political settlement of the Ukraine issue and is open to talks for peace. Russia welcomes China to play a constructive role in this regard.", "51_https://english.news.cn/20230321/024a1792aeb24f8bb56e237a0651dd56/c.html_p9": "The position paper mentioned by the two leaders was released last month by the Chinese Foreign Ministry to push forward the political settlement of the Ukraine crisis.In the paper, China put forward a 12-point proposal to end the crisis by addressing both the symptoms and the root causes of the issue, and reiterated the necessity to end the crisis through dialogue and negotiation.The peace proposal, since being offered, has been welcomed by many countries of the international community. Stephane Dujarric, spokesman for UN Secretary-General Antonio Guterres, hailed the position paper as \"an important contribution.\"Saeb Rawashdeh, a political analyst at the Jordan Press Foundation, said that on the first anniversary of the escalation of the crisis, China released the document expounding its position on the issue, hoping to promote an early resolution of the crisis through peaceful dialogue.", "51_https://english.news.cn/20230321/024a1792aeb24f8bb56e237a0651dd56/c.html_p10": "China's stance is in line with the universal expectations of peace-loving people around the world, he said.As Wang Wenbin, Chinese Foreign Ministry spokesperson, told a news briefing Monday, China always stands on the side of peace and dialogue, and on the right side of history. China will continue to play a constructive role in the political settlement of the Ukraine crisis, he said. #", "51_https://www.theguardian.com/world/2023/mar/21/10-years-strengthening-ties-between-putin-xi-china-russia_p0": "A visit by China's president, Xi Jinping, to Moscow this week has shone a light on his strengthening relationship with his Russian counterpart, Vladimir Putin.The two leaders have met more than 40 times in recent years, growing increasingly familiar, and now refer to each other as \"dear friends\". Xi has been described as a great friend by other world leaders before, including Robert Mugabe and Donald Trump, but does not always reciprocate the compliment like he has with Putin.2013Xi's first foreign visit as China's president in 2013 was to Moscow, where he told Putin he believed their characters were alike, and they \"always treat each other with an open soul\". Putin said China and Russia were \"natural partners and natural allies\", the latter term not usually used by Russia in respect to China.Xi meets Putin in Moscow during his first foreign visit as China's president in 2013. Photograph: Alexander Zemlianichenko/AP2014", "51_https://www.theguardian.com/world/2023/mar/21/10-years-strengthening-ties-between-putin-xi-china-russia_p1": "Russia annexed Crimea, an act that prompted international condemnation, a UN resolution in support of Ukrainian sovereignty, and numerous sanctions against Russia. In contrast, a Chinese foreign ministry spokesperson said China had \"full understanding\" of the challenges Russia faced, and supported Moscow's \"approach to its settlement\" of the Ukraine issue.2015The two countries agreed to arms sales and other agreements, and signed a \"non-aggression pact\" that included a pledge not to launch cyber-attacks against each other. In November, Xi and Putin met in France.Xi and Putin before their meeting at the Great Hall of the People on 3 September 2015 in Beijing, China. Photograph: Getty Images2019The China-Russia relationship got an official upgrade with the announcement of a five-point \"comprehensive strategic partnership\" based on mutual understanding and \"win-win cooperation\".", "51_https://www.theguardian.com/world/2023/mar/21/10-years-strengthening-ties-between-putin-xi-china-russia_p2": "The two leaders also strengthened their personal ties, receiving an honorary doctorate from the others' alma mater - St Petersburg State University and Tsinghua University.Xi told Russian media: \"President Putin is the foreign colleague that I have interacted with most extensively. He is my best friend, and I greatly treasure our friendship.\"On a three-day state visit to Moscow, Putin took Xi on a Neva River cruise to St Petersburg, where Putin was born in 1952. Xi said the trip was an honour. \"The fertile land here has bred a number of great people. It is the pride of Russia and its people.\"2022FebruaryOn the sidelines of the Beijing Winter Olympics, in Xi's first face-to-face meeting with a head of state since the pandemic had begun, he and Putin inked what became known as a \"limitless\" partnership. Heralding the rise and rise of the bilateral relationship, Xi and Putin declared there to be \"no forbidden areas of cooperation\".", "51_https://www.theguardian.com/world/2023/mar/21/10-years-strengthening-ties-between-putin-xi-china-russia_p3": "Weeks later, Russia invaded Ukraine. Reports at the time said western intelligence suggested Xi had known about it, but asked Putin to wait until the end of the Games. Other reports suggested Russia had sought military or weapons assistance from China. To this day China maintains it was not aware of Putin's plans. The invasion marked an awkward point in the Xi-Putin relationship as the world rounded on Russia and China sought to stand by its friend without getting caught in the crossfire of sanctions and other retaliatory measures.Putin and Xi pose for a picture during their meeting in Beijing on the sidelines of the 2022 Winter Olympic Games. Photograph: Alexei Druzhinin/Kremlin/Sputnik/EPAMarch", "51_https://www.theguardian.com/world/2023/mar/21/10-years-strengthening-ties-between-putin-xi-china-russia_p4": "Xi and senior Chinese officials refused to condemn the invasion, and over the year would increasingly show support for Russia's stance while simultaneously presenting China as a neutral peacemaker. In March a report found close ties between Russian and Chinese state media, combined with strict government control of information, was allowing Russian propaganda to spread swiftly throughout China, \"nazifying\" Ukraine in the eyes of some Chinese citizens and fostering pro-Russian sentiment.AprilSenior US officials urged China to use its influence and persuade Russia to end its invasion of Ukraine. China demurred, rejecting \"pressure or coercion\" by parties such as the US. It laid the blame at the feet of the US and Nato, accusing the bloc of a \"cold war mentality\".MayIn a call Xi told Putin that Russia had China's support on matters of sovereignty and security.June", "51_https://www.theguardian.com/world/2023/mar/21/10-years-strengthening-ties-between-putin-xi-china-russia_p5": "Xi and Putin met again, this time virtually at the Brics summit of leaders. Both railed against economic sanctions the west and other allies had levelled against Russia.SeptemberXi and Putin met again at a regional summit in Uzbekistan, which Xi had chosen for his first international trip since the pandemic. In comments that some analysts took as a sign of some discord between the pair, Putin said he understood the \"questions and concerns\" Xi had about Ukraine.The gathering of central Asian and regional leaders in Samarkand was seen as a test of the \"limitless\" friendship. Central Asia is an area where Russia and China are more in competition than cooperation - what analysts have termed a \"quiet rivalry\".OctoberA draft UN security council resolution in October attempted to condemn Putin's annexation of Ukrainian territory but failed when it was vetoed by Russia - a permanent security council member. China did not back Russia but abstained from the vote.2023February", "51_https://www.theguardian.com/world/2023/mar/21/10-years-strengthening-ties-between-putin-xi-china-russia_p6": "A UN resolution calling for Russia to end hostilities in Ukraine and withdraw its forces passed, with China again abstaining from the vote. China released a 12-point peace plan, dismissed by the west, calling for a ceasefire and an end to sanctions, and suggesting China and its companies could help with the postwar rebuild.The plan was put together without consultation with Ukraine. It did not criticise Russia or call for any withdrawal of forces, but did make a pointed statement about avoiding nuclear weapons and attacks on civilians - two concerns mostly levelled at the Russian side.Xi welcomes Alexander Lukashenko, a key Putin ally, to Beijing in March. Photograph: Pavel Orlovsky/Belta/AFP/Getty ImagesMarch", "51_https://www.theguardian.com/world/2023/mar/21/10-years-strengthening-ties-between-putin-xi-china-russia_p7": "Xi welcomed a key Putin ally to Beijing: the Belarusian president, Alexander Lukashenko. Analysts suggested the warm welcome of a head of state with \"international pariah status\" who had directly assisted Putin's invasion, while ignoring entreaties from Ukraine's Volodymyr Zelenskiy, undermined Beijing's claim to be a neutral peacemaker.On 20 March, Xi started a state visit to Moscow, days after the international criminal court issued an arrest warrant for Putin on suspicion of committing war crimes. The two greeted each other as old friends, and at an informal meeting Xi said China was ready with Russia \"to stand guard over the world order based on international law\".", "51_https://www.theglobeandmail.com/opinion/article-putin-icc-arrest-warrant-china/_p0": "Michael Byers holds the Canada Research Chair in global politics and international law at the University of British Columbia. He was banned from travelling to Russia after an earlier essay about Vladimir Putin and war crimes in March, 2022.Chinese President Xi Jinping is in Moscow this week, and every aspect of the visit will have been carefully negotiated between Chinese and Russian diplomats. Every aspect, that is, except for the text of Mr. Xi's public comments, which would have been written in Beijing long before he boarded the plane.The initial version of those comments would have likely expressed support for Russia's contest with NATO over Ukraine. Mr. Xi might even have agreed to provide some of the weapons that Russian forces so desperately need.But then, last Friday, the International Criminal Court named Russian President Vladimir Putin in an arrest warrant for war crimes.", "51_https://www.theglobeandmail.com/opinion/article-putin-icc-arrest-warrant-china/_p1": "Mr. Putin is suspected of deporting children from Ukraine to Russia. Last May, he introduced a process for rapidly assigning Russian citizenship to Ukrainian children without parental care, and their adoption by Russian families has been celebrated at public events.As the International Criminal Court's chief prosecutor Karim Khan explains, Mr. Putin is treating Ukrainian children as \"spoils of war.\"The arrest warrant is awkward for Mr. Xi, who has been balancing adroitly between Russia and the West. A good relationship with Russia ensures cut-rate access to oil, gas and other natural resources, and Russian power helps to counter the United States.Yet these benefits come at a price. Mr. Xi needs to maintain an international order that has provided Chinese companies with two decades of profitable access to Western markets, which have fuelled China's rise to superpower status.", "51_https://www.theglobeandmail.com/opinion/article-putin-icc-arrest-warrant-china/_p2": "This order, with its thousands of treaties and intergovernmental institutions, is based on the premise that states will keep their promises and follow fundamental rules, such as respecting territorial borders and avoiding blatant, widespread violations of human rights.The international order is robust enough to survive small irritants. In Canada, allegations of Chinese electoral interference have dominated the headlines, but the reports have had no discernible effect on the hundreds of cargo ships sailing between Chinese and Canadian ports.Yet the international order is shaken when a powerful country breaks a fundamental rule such as the prohibition on territorial conquest. This explains why China has not yet supplied Russia with arms.The International Criminal Court arrest warrant discredits Mr. Putin's claim that the invasion was an act of self-defence. Abducting children, after all, has nothing to do with protecting Russia against NATO.", "51_https://www.theglobeandmail.com/opinion/article-putin-icc-arrest-warrant-china/_p3": "The warrant also means that Mr. Putin is living on borrowed time. Although the court cannot conduct a trial in absentia, Mr. Putin can no longer travel to any of the 123 states that have ratified the court's statute. By curtailing his ability to act as Russia's chief diplomat, the warrant has undermined his presidency.An arrest warrant certainly presages an eventual loss of political power. In 2009, Sudanese dictator Omar al-Bashir was made the subject of a warrant, and although he has not yet been transferred to The Hague, he was removed from power in 2019 and remains imprisoned in his own country. In 2011, Libyan dictator Moammar Gadhafi was named in another warrant; within months, he had been deposed and summarily executed by Libyan forces.", "51_https://www.theglobeandmail.com/opinion/article-putin-icc-arrest-warrant-china/_p4": "There's also the case of Slobodan Milosevic, who was indicted by the International Criminal Tribunal for the former Yugoslavia in 1999. The Serbian president was the first sitting head of state to be charged with war crimes. He lost power a year later, and died of a heart attack in a prison cell in The Hague.No one should count on Mr. Putin sitting in the International Criminal Court dock. But like many of his domestic political opponents, he's now at real risk of falling out of a window. He's also proven himself to be a dubious partner for a Chinese President who needs to steer a middle course.A second arrest warrant will only cement this conclusion, and it's almost certainly coming. The 1948 Genocide Convention specifies that \"forcibly transferring children\" of one group to another group is a genocidal act if \"committed with intent to destroy, in whole or in part, a national, ethnical, racial or religious group.\"", "51_https://www.theglobeandmail.com/opinion/article-putin-icc-arrest-warrant-china/_p5": "The Chinese President might not care about Russian war crimes. But war crimes against children? Genocide? Nobody wants to be associated with that.Mr. Xi will stand by Mr. Putin, at least for now. But the script has surely been flipped."}