{"87_https://www.eurekalert.org/news-releases/983328_p0": "A team including physicists of the University of Bern has for the first time detected subatomic particles called neutrinos created by a particle collider, namely at CERN's Large Hadron Collider (LHC). The discovery promises to deepen scientists' understanding of the nature of neutrinos, which are among the most abundant particles in the universe and key to the solution of the question why there is more matter than antimatter.Neutrinos are fundamental particles that played an important role in the early phase of the universe. They are key to learn more about the fundamental laws of nature, including how particles acquire mass and why there is more matter than antimatter. Despite being among the most abundant particles in the universe they are very difficult to detect because they pass through matter with almost no interaction. They are therefore often called \"ghost particles\".", "87_https://www.eurekalert.org/news-releases/983328_p1": "Neutrinos have been known for several decades and were very important for establishing the standard model of particle physics. But most neutrinos studied by physicists so far have been low-energy neutrinos. Previously, no neutrino produced at a particle collider had ever been detected by an experiment. Now, an international team including researchers from the Laboratory for High Energy Physics (LHEP) of the University of Bern has succeeded in doing just that. Using the FASER particle detector at CERN in Geneva, the team was able to detect very high energy neutrinos produced by brand a new source: CERN's Large Hadron Collider (LHC). The international FASER collaboration announced this result on March 19 at the MORIOND EW conference in La Thuile, Italy.FASER enables investigation of high energy neutrinos", "87_https://www.eurekalert.org/news-releases/983328_p2": "The properties of neutrinos have been studied in numerous experiments since their discovery in 1956 by Clyde L. Cowan and Frederick Reines. One of the leading experiments to study neutrinos is the Deep Underground Neutrino Experiment (DUNE) being built in the USA. The University of Bern is a key contributor. Experiments like DUNE are general purpose and can study many properties of neutrinos from a variety of sources. One aspect that is not covered is very high energy neutrinos.The highest energy accelerator available is the LHC at CERN, where new particles are produced by two beams of protons smashing together at extremely high energy. However, neutrinos have never been detected at any collider because they escape the existing detectors at the LHC.", "87_https://www.eurekalert.org/news-releases/983328_p3": "The FASER experiment was proposed to fill this gap. \"In this experiment we measure very high energy neutrinos produced by the LHC collider at CERN. The goal is to study how these neutrinos are produced, what their properties are and to look for signals of new particles,\" says Akitaka Ariga, leader of the FASER group at University of Bern's Laboratory for High Energy Physics (LHEP). The LHEP is part of the Physics Institute and of the Albert Einstein Center for Fundamental Physics (AEC). \"The FASER experiment is a unique idea at the interface between the highest energy colliders and neutrino physics. Often new discoveries are made when taking such new approaches,\" says Michele Weber, director of the LHEP of the University of Bern.Hidden physics in neutrinos?", "87_https://www.eurekalert.org/news-releases/983328_p4": "For the current observation of neutrinos, the experiment took data at the LHC in 2022. The team detected 153 events that are neutrino interactions with extremely high certainty. The neutrinos detected by FASER are of the highest energy ever produced in a lab and are similar to the neutrinos coming from deep-space that trigger dramatic particle showers in our atmosphere or the earth. They are therefore also an important tool to researchers for better understanding observations in particle astrophysics.\"This achievement is a historical milestone for obtaining a new neutrino source with unexplored features,\" says Akitaka Ariga. The presented result is just the very beginning of a series of explorations. The experiment will continue to take data till the end of 2025. \"There might be hidden physics in neutrinos at high energy scale,\" says Akitaka Ariga.", "87_https://www.eurekalert.org/news-releases/983328_p5": "This project has received funding from the European Research Council (ERC) under the European Union's Horizon 2020 research and innovation programme (Grant agreement No. 101002690, FASERnu)", "87_https://www.eurekalert.org/news-releases/983328_p6": "University of Bern leading institute of FASERnu neutrino detector The FASER experiment consists of the FASER detector, which is designed to search for new elementary particles, such as dark matter candidates (dark photons), and the FASERnu neutrino detector. It is looking at collisions happening in the center of the large ATLAS particle detector at CERN's Large Hadron Collider (LHC). A research group led by Michele Weber is involved in the ATLAS detector. Akitaka Ariga's research group has been active in FASER since the design of the experiment. In particular, the Bern group is the leading institute of the FASERnu detector which is collecting data between 2022 and 2025. The FASERnu detector is going to reveal neutrinos' properties with unprecedented sensitivity of all three different kinds (electron, muon and tau neutrinos). Further information about FASERnu Further information about ATLAS", "87_https://www.eurekalert.org/news-releases/983328_p7": "The Laboratory for High Energy Physics (LHEP) The Laboratory for High Energy Physics (LHEP) is a division of the Physics Institute at the University of Bern in Switzerland and is part of the Albert Einstein Center for Fundamental Physics. It conducts research in the field of experimental particle physics, with the main subjects: High-Energy Collider Physics, Neutrino Physics, Fundamental Neutron and Precision Physics, Muon Radiography, Development of Novel Particle Detectors and Medical Applications of Particle Physics. Further information: https://www.lhep.unibe.ch/", "87_https://www.newsdrum.in/international/university-of-californias-led-physicists-detect-neutrinos-created-by-particle-collider_p0": "New Delhi: Physicists have detected neutrinos created by a particle collider, where two beams of particles smash together at extremely high energy.The scientists, led by University of California, Irvine (UCI), US, have claimed it to be a \"scientific first\".According to them, the discovery is expected to deepen scientists' understanding of neutrinos, subatomic particles that also play a key role in the process that makes stars burn.\"We've discovered neutrinos from a brand-new source - particle colliders,\" said UCI particle physicist and FASER Collaboration Co-Spokesman Jonathan Feng, who initiated the project, which involves over 80 researchers at UCI and 21 partner institutions.The discovery could also provide a window on distant parts of the universe by shedding light on cosmic neutrinos that travel large distances and collide with the Earth.\"They can tell us about deep space in ways we can't learn otherwise,\" said Jamie Boyd, a particle physicist at CERN and co-spokesman for FASER.", "87_https://www.newsdrum.in/international/university-of-californias-led-physicists-detect-neutrinos-created-by-particle-collider_p1": "\"These very high-energy neutrinos in the Large Hadron Collider (LHC) are important for understanding really exciting observations in particle astrophysics,\" said Boyd.Brian Petersen, a particle physicist at CERN, announced the results Sunday on behalf of FASER at the 57th Rencontres de Moriond Electroweak Interactions and Unified Theories conference in Italy.The results are the latest from the Forward Search Experiment, or FASER, a particle detector designed and built by an international group of physicists and installed at CERN, the European Council for Nuclear Research in Geneva, Switzerland. There, FASER detects particles produced by CERN's Large Hadron Collider.Neutrinos, which were first spotted in 1956, were co-discovered by the late UCI physicist and Nobel laureate Frederick Reines and are the most abundant particle in the cosmos.", "87_https://www.newsdrum.in/international/university-of-californias-led-physicists-detect-neutrinos-created-by-particle-collider_p2": "Since the groundbreaking work of Reines and others like Hank Sobel, UCI professor of physics & astronomy, the majority of neutrinos studied by physicists have been low-energy neutrinos.But the neutrinos detected by FASER are the highest energy ever produced in a lab and are similar to the neutrinos found when deep-space particles trigger dramatic particle showers in our atmosphere.\"Neutrinos were very important for establishing the standard model of particle physics,\" said Boyd.\"But no neutrino produced at a collider had ever been detected by an experiment,\" said Boyd.\"Neutrinos are the only known particles that the much larger experiments at the LHC are unable to directly detect, so FASER's successful observation means the collider's full physics potential is finally being exploited,\" said UCI experimental physicist Dave Casper.", "87_https://thedebrief.org/first-detection-of-neutrinos-in-a-particle-collider-reported-by-california-physicists-in-a-scientific-first/_p0": "Physicists at the University of California, Irvine, have reported the detection of neutrinos created by a particle collider, a breakthrough development they say will enhance our knowledge about a variety of subatomic particles which, in many ways, remain mysterious.First detected in 1956, neutrinos are neutral subatomic particles that rarely react with normal matter. Possessing 1/2 integral spin like all fermions, they are the most abundant particle in the universe and possess close to zero mass. Neutrinos also exist in three varieties, each associated with either electrons, muons, or tau particles.One reason physicists are intrigued by neutrinos involves the role they are believed to play in the dynamics of how distant stars, and even our sun, continually burn.", "87_https://thedebrief.org/first-detection-of-neutrinos-in-a-particle-collider-reported-by-california-physicists-in-a-scientific-first/_p1": "Now, scientists with the University of California, Irvine, say the discovery of neutrinos within a particle collider could help to reveal more about the cosmic neutrinos that traverse long distances in space and eventually collide with our planet. The discovery may also potentially convey new insights into the dynamics of remote corners of our universe, and may even help to shed light on one of the great mysteries of modern physics: dark matter.The discovery marks the latest development in the ongoing Forward Search Experiment, or FASER, an international collaboration based at CERN in Geneva, Switzerland, where the team built the FASER particle detector to collect information on particles produced by the facility's famous Large Hadron Collider (LHC).", "87_https://thedebrief.org/first-detection-of-neutrinos-in-a-particle-collider-reported-by-california-physicists-in-a-scientific-first/_p2": "Most of the massive particle detectors at the CERN facility dwarf FASER, which weighs about half as much as an average-sized car and fits within a small tunnel at the facility. By comparison, the facility's ATLAS detector stands several stories high and weighs thousands of tons more than its smaller sibling, which only took a few years to build and is comprised mostly of spare parts recycled from other experiments.According to the FASER Collaboration members, their discovery represents the first detection of neutrinos under such conditions. The announcement was made over the weekend at Italy's 57th Rencontres de Moriond Electroweak Interactions and Unified Theories conference.UC Irvine particle physicist and FASER Collaboration Co-Spokesperson Jonathan Feng said in a statement released by the university that the team \"discovered neutrinos from a brand-new source - particle colliders - where you have two beams of particles smash together at extremely high energy.\"", "87_https://thedebrief.org/first-detection-of-neutrinos-in-a-particle-collider-reported-by-california-physicists-in-a-scientific-first/_p3": "FASER Co-Spokesperson Jamie Boyd, who is also a particle physicist at the CERN facility, confirmed that \"no neutrino produced at a collider had ever been detected by an experiment\" and that the team's discovery is the first known instance.UC Irvine has a long history of involvement with work related to neutrinos, which despite their abundance in our universe, still remain mysterious. One of their co-discoverers, Nobel laureate and UC Irvine professor Frederick Reines, was part of the team that discovered the particles seven decades ago, along with UC Irvine physicist and astronomer Hank Sobel.Although most neutrinos detected by physicists are low-energy particles, by comparison, the FASER team reports that the neutrinos detected in Switzerland are the highest energy ever produced under lab conditions, which they liken to those detected during showers of particles that bombard Earth's atmosphere as a result of particle emissions emanating from deep space.", "87_https://thedebrief.org/first-detection-of-neutrinos-in-a-particle-collider-reported-by-california-physicists-in-a-scientific-first/_p4": "\"These very high-energy neutrinos in the LHC are important for understanding really exciting observations in particle astrophysics,\" Boyd said, adding that the FASER team's observations may be able to reveal intricacies of the physics of deep space \"in ways we can't learn otherwise.\"Previously, neutrinos had been the only variety of particles that hadn't been detected during larger experiments at the LHC.UCI experimental physicist Dave Casper said in a statement that FASER's observations of the neutral particles show that \"the collider's full physics potential is finally being exploited\" and that such observations may even help reveal clues to the composition of dark matter, believed by physicists to make up most of the matter distributed throughout the universe.", "87_https://thedebrief.org/first-detection-of-neutrinos-in-a-particle-collider-reported-by-california-physicists-in-a-scientific-first/_p5": "Currently, the FASER project boasts more than 80 researchers located both at UCI and at 21 partner institutions. While dark matter remains a mystery, a new series of experiments scheduled to occur at the LHC in the months ahead could make additional detections that may ultimately help determine more about this mysterious, nonluminous material.Boyd says the FASER team is hoping to see \"some exciting signals\" which ultimately may help physicists better understand the most abundant--and one of the most mysterious--particles in the universe.Micah Hanks is the Editor-in-Chief and Co-Founder of The Debrief. He can be reached by email at micah@thedebrief.org. Follow his work at micahhanks.com and on Twitter: @MicahHanks.", "87_https://www.techexplorist.com/scientific-first-physicists-detected-neutrinos-created-particle-collider/57840/_p0": "Neutrinos are the most abundant particle in the cosmos. Now, for the first time, a team led by physicists at the University of California, Irvine, have discovered neutrinos from a brand-new source - particle colliders.It's the latest result from the Forward Search Experiment or FASER. FASER detects particles produced by CERN's Large Hadron Collider.The research may also provide a glimpse into the furthest reaches of the universe by shedding light on cosmic neutrinos that travel great distances and smash with the Earth.FASER Co-Spokesperson Jamie Boyd, a particle physicist at CERN, said, \"They can tell us about deep space in ways we can't learn otherwise. These very high-energy neutrinos in the LHC are important for understanding really exciting observations in particle astrophysics.\"", "87_https://www.techexplorist.com/scientific-first-physicists-detected-neutrinos-created-particle-collider/57840/_p1": "\"FASER itself is new and unique among particle-detecting experiments. In contrast to other detectors at CERN, such as ATLAS, which stands several stories tall and weighs thousands of tons, FASER is about one ton and fits neatly inside a small side tunnel at CERN.\"UCI experimental physicist Dave Casper said, \"Neutrinos are the only known particles that the much larger experiments at the Large Hadron Collider are unable to directly detect, so FASER's successful observation means the collider's full physics potential is finally being exploited.\"", "87_https://www.livescience.com/ghostly-neutrinos-spotted-inside-worlds-largest-particle-accelerator-for-the-first-time_p0": "For the very first time, physicists have created and detected high-energy \"ghost particles\" inside the world's largest atom smasher. The findings could help unlock the secrets of how stars go supernova.The tiny particles, known as neutrinos , were spotted by the FASER neutrino detector at the Large Hadron Collider (LHC) -- the world's largest particle accelerator, located at the European Organization for Nuclear Research (CERN) near Geneva, Switzerland.Neutrinos earn their spectral nickname because their non-existent electrical charge and almost zero mass means they barely interact with other types of matter. True to their ghostly moniker, neutrinos fly through regular matter at close to the speed of light. The physicists presented their results (opens in new tab) at the 57th Rencontres de Moriond Electroweak Interactions and Unified Theories conference in La Thuile, Italy on March 19.", "87_https://www.livescience.com/ghostly-neutrinos-spotted-inside-worlds-largest-particle-accelerator-for-the-first-time_p1": "Related: Ghostly neutrino particles are blasting out of a nearby galaxy, and scientists aren't sure why\"We've discovered neutrinos from a brand-new source -- particle colliders -- where you have two beams of particles smash together at extremely high energy,\" Jonathan Feng (opens in new tab), a physicist at the University of California Irvine and a co-spokesperson of the FASER Collaboration, said in a statement (opens in new tab).Every second, about 100 billion neutrinos pass through each square centimeter of your body. The tiny particles are everywhere -- produced in the nuclear fire of stars, in enormous supernova explosions, by cosmic rays and radioactive decay, and in particle accelerators and nuclear reactors on Earth. In fact, neutrinos, which were first discovered zipping out from a nuclear reactor in 1956, are second only to photons as the most abundant subatomic particles in the universe.", "87_https://www.livescience.com/ghostly-neutrinos-spotted-inside-worlds-largest-particle-accelerator-for-the-first-time_p2": "But despite their ubiquity, the chargeless and near massless particles' minimal interactions with other matter makes them incredibly difficult to detect. Despite this many famous neutrino detection experiments -- such as Japan's Super-Kamiokande detector, Fermilab's MiniBooNE, and the Antarctic IceCube detector -- have been able to spot solar-generated neutrinos .But the neutrinos arriving to us from the sun are just one small slice of the ghost particles out there. On the other end of the energy spectrum are the high-energy neutrinos produced in gigantic supernova explosions and in particle showers when deep-space particles slam into Earth's atmosphere. These high-energy ghosts have remained a mystery to scientists until now.", "87_https://www.livescience.com/ghostly-neutrinos-spotted-inside-worlds-largest-particle-accelerator-for-the-first-time_p3": "\"These very high-energy neutrinos in the LHC are important for understanding really exciting observations in particle astrophysics,\" Jamie Boyd (opens in new tab), a CERN particle physicist and FASER co-spokesperson, said in the statement. The new detections could help explain how stars burn and explode, and how highly-energetic neutrino interactions spark the production of other particles in space.", "87_https://www.livescience.com/ghostly-neutrinos-spotted-inside-worlds-largest-particle-accelerator-for-the-first-time_p4": "To catch the subatomic specters, the physicists built a particle-detecting s'more: Dense metal plates of lead and tungsten sandwiching multiple layers of light-detecting gunk called emulsion. When high-powered beams of protons smash together inside the LHC, they produce a shower of byproduct particles, a small fraction of them neutrinos, that enter the s'more. The neutrinos from these collisions then slam into the atomic nuclei in the dense metal plates and decay into other particles. The emulsion layers work in a similar way to old-fashioned photographic film, reacting with the neutrino byproducts to imprint the traced outlines of the particles as they zip through them.", "87_https://www.livescience.com/ghostly-neutrinos-spotted-inside-worlds-largest-particle-accelerator-for-the-first-time_p5": "By \"developing\" this film-like emulsion and analyzing the particle trails, the physicists figured out that some of the marks were produced by particle jets made by neutrinos passing through the plates; they could even determine which of the three particle \"flavors\" of neutrino -- tau, muon or electron -- they had detected.The six neutrinos spotted by this experiment were first identified in 2021. The physicists took two years to collect enough data to confirm they were real. Now, they expect to find many more, and think they could use them to probe environments across the universe where highly-energetic ghost particles are made.", "87_https://www.news9live.com/science/neutrinos-created-by-particle-collider-detected-for-first-time-at-cern-au941-2082205_p0": "The FASER particle detector at CERN. (Image Credit: Neutrinos created by particle collider detected for first time at CERN).The neutrinos were produced by the Large Hadron Collider at CERNNews The neutrino is electrically neutral and has very little mass.Neutrinos interact weakly with regular matter and are difficult to detect.Neutrinos can easily pass unimpeded through the human body.", "87_https://www.news9live.com/science/neutrinos-created-by-particle-collider-detected-for-first-time-at-cern-au941-2082205_p1": "The Forward Search Experiment (FASER) particle detector at CERN has detected neutrinos produced in particle collisions within the Large Hadron Collider (LHC), marking the first detection of neutrinos produced by a collider. The FASER experiment has been constructed using leftover parts of other experiments positioned around the LHC, located in an unused service tunnel downstream from the proton-on-proton interaction point of the ATLAS (A Toroidal LHC Apparatus) experiment. The FASER detector allows for studying high-energy neutrinos, which are among the least understood particles in the Standard Model, as well as other low mass particles that interact weakly with regular matter.", "87_https://www.news9live.com/science/neutrinos-created-by-particle-collider-detected-for-first-time-at-cern-au941-2082205_p2": "Like most particle physics endeavours, the FASER experiment is a collaboration between multiple scientists from various institutions around the world. Co-spokesperson of the FASER collaboration, Jonathan Feng said, \"We've discovered neutrinos from a brand-new source -- particle colliders -- where you have two beams of particles smash together at extremely high energy\". Neutrinos were first co-discovered by Nobel laureate Frederick Reines in 1956 after theories postulated their existence, and a method for potential detection was worked out. Since then, physicists have mostly studied low-energy neutrinos. However, the neutrinos detected at LHC have very high energy levels, similar to the neutrinos from deep space that cause spectacular particle showers in the atmosphere.", "87_https://www.news9live.com/science/neutrinos-created-by-particle-collider-detected-for-first-time-at-cern-au941-2082205_p3": "FASER is a unique experiment in that it has a form factor small enough to fit into the service tunnel, and weighs only a ton. The ATLAS experiment for comparison resides in a massive cavern, is about six stories tall and twice as long, weighing over 7,000 tonnes. The detector fills in a crucial gap in the capabilities of the LHC, as neutrinos are the only particles that cannot be detected by the other experiments. The neutrinos were detected during the Run 3 of the LHC when the accelerator came back online after three years of upgrades to push the particle beams to higher energy levels.", "87_https://interestingengineering.com/science/lhc-created-neutrinos-detected-first-time_p0": "First detected in 1956, neutrinos are subatomic particles that play a key role in the burning of stars. Every time nuclei of atoms either come together (fusion) or break apart (fission) in the universe, neutrinos are released.One of the most abundant particles of the cosmos, neutrinos play an important role in the standard model of particle physics too. Researchers have been creating neutrinos in the lab to study but never have they been detected by the giant laboratory of the LHC.The FASER ExperimentThe Forward Search Experiment (FASER) is a particle detector that was designed and built by an international group of physicists at CERN. While particle detectors at CERN have a reputation for being several stories tall and weighing thousands of tons, FASER is quite an exception.", "87_https://interestingengineering.com/science/lhc-created-neutrinos-detected-first-time_p1": "FASER is just about a ton in weight and fits inside a small side tunnel at CERN. Interestingly, the experiment was designed and executed in just a few years and uses spares from other experiments being carried out at the facility.FASER at CERN's Large Hardon Collider FASER/ TwitterOn Sunday, the FASER team announced at a conference in Italy that it had successfully detected neutrinos after smashing two beams of particles at extremely high energy inside the LHC.", "87_https://www.sciencealert.com/ghost-particles-scientists-finally-detect-neutrinos-in-particle-collider_p0": "The ghost, at long last, is actually in the machine: For the first time, scientists have created neutrinos in a particle collider.Those abundant yet enigmatic subatomic particles are so removed from the rest of matter that they slide through it like specters, earning them the nickname \"ghost particles\".The researchers say this work represents the first direct observation of collider neutrinos and will help us to understand how these particles form, what their properties are, and their role in the evolution of the Universe.The results, achieved using the FASERnu detector at the Large Hadron Collider, were presented at the 57th Rencontres de Moriond Electroweak Interactions and Unified Theories conference in Italy.\"We've discovered neutrinos from a brand-new source - particle colliders - where you have two beams of particles smash together at extremely high energy,\" says particle physicist Jonathan Feng of the University of California Irvine.", "87_https://www.sciencealert.com/ghost-particles-scientists-finally-detect-neutrinos-in-particle-collider_p1": "Neutrinos are among the most abundant subatomic particles in the Universe, second only to photons. But they have no electric charge, their mass is almost zero, and they barely interact with other particles they encounter. Hundreds of billions of neutrinos are streaming through your body right now.Neutrinos are produced in energetic circumstances, such as the nuclear fusion that takes place inside stars, or supernova explosions. And while we may not notice them on a day-to-day basis, physicists believe that their mass - however slight - probably affects the Universe's gravity (although neutrinos have pretty much been ruled out as dark matter).Although their interaction with matter is small, it's not completely nonexistent; now and again, a cosmic neutrino collides with another particle, producing a very faint burst of light.", "87_https://www.sciencealert.com/ghost-particles-scientists-finally-detect-neutrinos-in-particle-collider_p2": "Underground detectors, isolated from other sources of radiation, can detect these bursts. IceCube in Antarctica, Super-Kamiokande in Japan, and MiniBooNE at Fermilab in Illinois are three such detectors.Neutrinos produced in particle colliders, however, have long been sought by physicists because the high energies involved are not as well studied as low-energy neutrinos.\"They can tell us about deep space in ways we can't learn otherwise,\" says particle physicist Jamie Boyd of CERN. \"These very high-energy neutrinos in the LHC are important for understanding really exciting observations in particle astrophysics.\"FASERnu is an emulsion detector consisting of millimeter-thick tungsten plates alternated with layers of emulsion film. Tungsten was chosen because of its high density, which increases the likelihood of neutrino interaction; the detector consists of 730 emulsion films and a total tungsten mass of around 1 ton.", "87_https://www.sciencealert.com/ghost-particles-scientists-finally-detect-neutrinos-in-particle-collider_p3": "During particle experiments at the LHC, neutrinos can collide with nuclei in the tungsten plates, producing particles that leave tracks in the emulsion layers, a bit like the way ionizing radiation makes tracks in a cloud chamber.These plates need to be developed, like photographic film, before the physicists can analyze the particle trails to find out what produced them.Six neutrino candidates were identified and published back in 2021. Now, the researchers have confirmed their discovery, using data from the third run of the upgraded LHC that began last year, with a significance level of 16 sigma.That means that the likelihood that the signals were produced by random chance is so low as to be almost nothing; a significance level of 5 sigma is sufficient to qualify as a discovery in particle physics.", "87_https://www.sciencealert.com/ghost-particles-scientists-finally-detect-neutrinos-in-particle-collider_p4": "The FASER team is still hard at work analyzing data collected by the detector, and it seems likely that many more neutrino detections will ensue. Run 3 of the LHC is expected to continue until 2026, and data collection and analysis are ongoing.Back in 2021, physicist David Casper of UC Irvine projected that the run would produce around 10,000 neutrino interactions, which means we've barely scratched the surface of what FASERnu has to offer.\"Neutrinos are the only known particles that the much larger experiments at the Large Hadron Collider are unable to directly detect,\" he says, \"so FASER's successful observation means the collider's full physics potential is finally being exploited.\"The team's results have been presented at the 57th Rencontres de Moriond Electroweak Interactions and Unified Theories conference.", "87_https://home.cern/news/news/experiments/new-lhc-experiments-enter-uncharted-territory_p0": "The first observation of collider neutrinos by FASER and SND at the LHC paves the way for exploring new physics scenariosAlthough neutrinos are produced abundantly in collisions at the Large Hadron Collider (LHC), until now no neutrinos produced in such a way had been detected. Within just nine months of the start of LHC Run 3 and the beginning of its measurement campaign, the FASER collaboration changed this picture by announcing its first observation of collider neutrinos at this year's electroweak session of the Rencontres de Moriond. In particular, FASER observed muon neutrinos and candidate events of electron neutrinos. \"Our statistical significance is roughly 16 sigma, far exceeding 5 sigma, the threshold for a discovery in particle physics,\" explains FASER's co-spokesperson Jamie Boyd.", "87_https://home.cern/news/news/experiments/new-lhc-experiments-enter-uncharted-territory_p1": "In addition to its observation of neutrinos at a particle collider, FASER presented results on searches for dark photons. With a null result, the collaboration was able to set limits on previously unexplored parameter space and began to exclude regions motivated by dark matter. FASER aims to collect up to ten times more data over the coming years, allowing more searches and neutrino measurements.FASER is one of two new experiments situated at either side of the ATLAS cavern to detect neutrinos produced in proton collisions in ATLAS. The complementary experiment, SND@LHC, also reported its first results at Moriond, showing eight muon neutrino candidate events. \"We are still working on the assessment of the systematic uncertainties to the background. As a very preliminary result, our observation can be claimed at the level of 5 sigma,\" adds SND@LHC spokesperson Giovanni De Lellis. The SND@LHC detector was installed in the LHC tunnel just in time for the start of LHC Run 3.", "87_https://home.cern/news/news/experiments/new-lhc-experiments-enter-uncharted-territory_p2": "Until now, neutrino experiments have only studied neutrinos coming from space, Earth, nuclear reactors or fixed-target experiments. While astrophysical neutrinos are highly energetic, such as those that can be detected by the IceCube experiment at the South Pole, solar and reactor neutrinos generally have lower energies. Neutrinos at fixed-target experiments, such as those from the CERN North and former West Areas, are in the energy region of up to a few hundred gigaelectronvolts (GeV). FASER and SND@LHC will narrow the gap between fixed-target neutrinos and astrophysical neutrinos, covering a much higher energy range - between a few hundred GeV and several TeV.", "87_https://home.cern/news/news/experiments/new-lhc-experiments-enter-uncharted-territory_p3": "One of the unexplored physics topics to which they will contribute is the study of high-energy neutrinos from astrophysical sources. Indeed, the production mechanism of the neutrinos at the LHC, as well as their centre-of-mass energy, is the same as for the very-high-energy neutrinos produced in cosmic-ray collisions with the atmosphere. Those \"atmospheric\" neutrinos constitute a background for the observation of astrophysical neutrinos: the measurements by FASER and SND@LHC can be used to precisely estimate that background, thus paving the way for the observation of astrophysical neutrinos.Another application of these searches is measuring the production rate of all three types of neutrinos. The experiments will test the universality of their interaction mechanism by measuring the ratio of different neutrino species produced by the same type of parent particle. This will be an important test of the Standard Model in the neutrino sector.", "87_https://news.uci.edu/2023/03/20/uc-irvine-led-team-is-first-to-detect-neutrinos-made-by-particle-collider/_p0": "Irvine, Calif., March 20, 2023 - In a scientific first, a team led by physicists at the University of California, Irvine has detected neutrinos created by a particle collider. The discovery promises to deepen scientists' understanding of the subatomic particles, which were first spotted in 1956 and play a key role in the process that makes stars burn.The work could also shed light on cosmic neutrinos that travel large distances and collide with the Earth, providing a window on distant parts of the universe.It's the latest result from the Forward Search Experiment, or FASER, a particle detector designed and built by an international group of physicists and installed at CERN, the European Council for Nuclear Research in Geneva, Switzerland. There, FASER detects particles produced by CERN's Large Hadron Collider.", "87_https://news.uci.edu/2023/03/20/uc-irvine-led-team-is-first-to-detect-neutrinos-made-by-particle-collider/_p1": "\"We've discovered neutrinos from a brand-new source - particle colliders - where you have two beams of particles smash together at extremely high energy,\" said UC Irvine particle physicist and FASER Collaboration Co-Spokesperson Jonathan Feng, who initiated the project, which involves over 80 researchers at UCI and 21 partner institutions.Brian Petersen, a particle physicist at CERN, announced the results Sunday on behalf of FASER at the 57th Rencontres de Moriond Electroweak Interactions and Unified Theories conference in Italy.Neutrinos, which were co-discovered nearly 70 years ago by the late UCI physicist and Nobel laureate Frederick Reines, are the most abundant particle in the cosmos and \"were very important for establishing the standard model of particle physics,\" said FASER Co-Spokesperson Jamie Boyd, a particle physicist at CERN. \"But no neutrino produced at a collider had ever been detected by an experiment.\"", "87_https://news.uci.edu/2023/03/20/uc-irvine-led-team-is-first-to-detect-neutrinos-made-by-particle-collider/_p2": "Since the groundbreaking work of Reines and others like Hank Sobel, UCI professor of physics & astronomy, the majority of neutrinos studied by physicists have been low-energy neutrinos. But the neutrinos detected by FASER are the highest energy ever produced in a lab and are similar to the neutrinos found when deep-space particles trigger dramatic particle showers in our atmosphere.\"They can tell us about deep space in ways we can't learn otherwise,\" said Boyd. \"These very high-energy neutrinos in the LHC are important for understanding really exciting observations in particle astrophysics.\"FASER itself is new and unique among particle-detecting experiments. In contrast to other detectors at CERN, such as ATLAS, which stands several stories tall and weighs thousands of tons, FASER is about one ton and fits neatly inside a small side tunnel at CERN. And it took only a few years to design and construct using spare parts from other experiments.", "87_https://news.uci.edu/2023/03/20/uc-irvine-led-team-is-first-to-detect-neutrinos-made-by-particle-collider/_p3": "\"Neutrinos are the only known particles that the much larger experiments at the Large Hadron Collider are unable to directly detect, so FASER's successful observation means the collider's full physics potential is finally being exploited,\" said UCI experimental physicist Dave Casper.Beyond neutrinos, one of FASER's other chief objectives is to help identify the particles that make up dark matter, which physicists think comprises most of the matter in the universe, but which they've never directly observed.FASER has yet to find signs of dark matter, but with the LHC set to begin a new round of particle collisions in a few months, the detector stands ready to record any that appear.\"We're hoping to see some exciting signals,\" said Boyd.", "87_https://news.uci.edu/2023/03/20/uc-irvine-led-team-is-first-to-detect-neutrinos-made-by-particle-collider/_p4": "About UCI's Brilliant Future campaign: Publicly launched on Oct. 4, 2019, the Brilliant Future campaign aims to raise awareness and support for UCI. By engaging 75,000 alumni and garnering $2 billion in philanthropic investment, UCI seeks to reach new heights of excellence in student success, health and wellness, research and more. The School of Physical Sciences plays a vital role in the success of the campaign. Learn more by visiting https://brilliantfuture.uci.edu/uci-school-of-physical-sciences/.", "87_https://news.uci.edu/2023/03/20/uc-irvine-led-team-is-first-to-detect-neutrinos-made-by-particle-collider/_p5": "About the University of California, Irvine: Founded in 1965, UCI is a member of the prestigious Association of American Universities and is ranked among the nation's top 10 public universities by U.S. News & World Report. The campus has produced five Nobel laureates and is known for its academic achievement, premier research, innovation and anteater mascot. Led by Chancellor Howard Gillman, UCI has more than 36,000 students and offers 224 degree programs. It's located in one of the world's safest and most economically vibrant communities and is Orange County's second-largest employer, contributing $7 billion annually to the local economy and $8 billion statewide. For more on UCI, visit www.uci.edu.", "87_https://news.uci.edu/2023/03/20/uc-irvine-led-team-is-first-to-detect-neutrinos-made-by-particle-collider/_p6": "Media access: Radio programs/stations may, for a fee, use an on-campus ISDN line to interview UCI faculty and experts, subject to availability and university approval. For more UCI news, visit news.uci.edu. Additional resources for journalists may be found at communications.uci.edu/for-journalists."}