{"127_https://indonesiabusinesspost.com/insider/e-ktp-graft-suspect-paulus-tannos-arrested-in-singapore-extradition-underway/_p0": 1, "127_https://indonesiabusinesspost.com/insider/e-ktp-graft-suspect-paulus-tannos-arrested-in-singapore-extradition-underway/_p1": 1, "127_https://indonesiabusinesspost.com/insider/e-ktp-graft-suspect-paulus-tannos-arrested-in-singapore-extradition-underway/_p2": 1, "127_https://jakartaglobe.id/news/graft-fugitive-paulus-tannos-detained-by-singapore-at-indonesias-request_p0": 1, "127_https://jakartaglobe.id/news/graft-fugitive-paulus-tannos-detained-by-singapore-at-indonesias-request_p1": 1, "127_https://jakartaglobe.id/news/graft-fugitive-paulus-tannos-detained-by-singapore-at-indonesias-request_p2": 1, "127_https://voi.id/en/news/454790_p0": 1, "127_https://voi.id/en/news/454790_p1": 1, "127_https://voi.id/en/news/454790_p2": 1, "127_https://voi.id/en/news/454790_p3": 1, "127_https://en.tempo.co/read/1967881/e-ktp-corruption-fugitive-paulus-tannos-arrested-in-singapore_p0": 1, "127_https://en.tempo.co/read/1967881/e-ktp-corruption-fugitive-paulus-tannos-arrested-in-singapore_p1": 1, "127_https://en.tempo.co/read/1967881/e-ktp-corruption-fugitive-paulus-tannos-arrested-in-singapore_p2": 1, "127_https://en.tempo.co/read/1967881/e-ktp-corruption-fugitive-paulus-tannos-arrested-in-singapore_p3": 1, "127_https://jakartaglobe.id/news/indonesia-seeks-extradition-of-graft-suspect-paulus-tannos-from-singapore_p0": 1, "127_https://jakartaglobe.id/news/indonesia-seeks-extradition-of-graft-suspect-paulus-tannos-from-singapore_p1": 1, "127_https://jakartaglobe.id/news/indonesia-seeks-extradition-of-graft-suspect-paulus-tannos-from-singapore_p2": 1, "127_https://en.antaranews.com/news/343090/indonesia-completing-extradition-request-documents-for-paulus-tannos_p0": 1, "127_https://en.antaranews.com/news/343090/indonesia-completing-extradition-request-documents-for-paulus-tannos_p1": 1, "127_https://www.thejakartapost.com/indonesia/2025/01/27/kpk-makes-headway-in-another-stalled-case-after-fugitive-arrest-in-singapore.html_p0": 1, "127_https://www.thejakartapost.com/indonesia/2025/01/27/kpk-makes-headway-in-another-stalled-case-after-fugitive-arrest-in-singapore.html_p1": 1, "127_https://www.thejakartapost.com/indonesia/2025/01/27/kpk-makes-headway-in-another-stalled-case-after-fugitive-arrest-in-singapore.html_p2": 0, "127_https://www.straitstimes.com/singapore/courts-crime/cpib-arrests-man-over-alleged-corruption-case-in-indonesia-suspect-says-he-has-diplomatic-passport_p0": 1, "127_https://www.straitstimes.com/singapore/courts-crime/cpib-arrests-man-over-alleged-corruption-case-in-indonesia-suspect-says-he-has-diplomatic-passport_p1": 1, "127_https://www.straitstimes.com/singapore/courts-crime/cpib-arrests-man-over-alleged-corruption-case-in-indonesia-suspect-says-he-has-diplomatic-passport_p2": 1, "127_https://www.straitstimes.com/singapore/courts-crime/cpib-arrests-man-over-alleged-corruption-case-in-indonesia-suspect-says-he-has-diplomatic-passport_p3": 1, "127_https://www.straitstimes.com/singapore/courts-crime/cpib-arrests-man-over-alleged-corruption-case-in-indonesia-suspect-says-he-has-diplomatic-passport_p4": 0, "127_https://en.tempo.co/read/1968359/chronology-of-the-arrest-of-e-ktp-corruption-case-fugitive-paulus-tannos_p0": 1, "127_https://en.tempo.co/read/1968359/chronology-of-the-arrest-of-e-ktp-corruption-case-fugitive-paulus-tannos_p1": 1, "127_https://en.tempo.co/read/1968359/chronology-of-the-arrest-of-e-ktp-corruption-case-fugitive-paulus-tannos_p2": 1, "127_https://en.tempo.co/read/1968359/chronology-of-the-arrest-of-e-ktp-corruption-case-fugitive-paulus-tannos_p3": 1, "127_https://indiplomacy.com/2025/01/31/indonesia-prepares-extradition-documents-for-corruption-fugitive-in-singapore/_p0": 1, "127_https://indiplomacy.com/2025/01/31/indonesia-prepares-extradition-documents-for-corruption-fugitive-in-singapore/_p1": 1, "127_https://indiplomacy.com/2025/01/31/indonesia-prepares-extradition-documents-for-corruption-fugitive-in-singapore/_p2": 1, "127_https://www.thestar.com.my/aseanplus/aseanplus-news/2025/01/31/extradition-of-e-id-graft-fugitive-from-singapore-indonesia-pushes-to-meet-deadline_p0": 1, "127_https://www.thestar.com.my/aseanplus/aseanplus-news/2025/01/31/extradition-of-e-id-graft-fugitive-from-singapore-indonesia-pushes-to-meet-deadline_p1": 1, "127_https://www.thestar.com.my/aseanplus/aseanplus-news/2025/01/31/extradition-of-e-id-graft-fugitive-from-singapore-indonesia-pushes-to-meet-deadline_p2": 1, "127_https://www.thestar.com.my/aseanplus/aseanplus-news/2025/01/31/extradition-of-e-id-graft-fugitive-from-singapore-indonesia-pushes-to-meet-deadline_p3": 1, "127_https://www.thestar.com.my/aseanplus/aseanplus-news/2025/01/31/extradition-of-e-id-graft-fugitive-from-singapore-indonesia-pushes-to-meet-deadline_p4": 1, "127_https://voi.id/en/news/455663_p0": 1, "127_https://voi.id/en/news/455663_p1": 1, "127_https://voi.id/en/news/455663_p2": 1, "127_https://www.thejakartapost.com/indonesia/2025/01/31/govt-pushes-to-meet-deadline-in-e-id-graft-fugitive-extradition-from-singapore.html_p0": 1, "127_https://www.thejakartapost.com/indonesia/2025/01/31/govt-pushes-to-meet-deadline-in-e-id-graft-fugitive-extradition-from-singapore.html_p1": 1, "127_https://www.thejakartapost.com/indonesia/2025/01/31/govt-pushes-to-meet-deadline-in-e-id-graft-fugitive-extradition-from-singapore.html_p2": 0, "127_https://tnp.straitstimes.com/news/singapore/cpib-arrests-businessman-wanted-indonesia-alleged-corruption_p0": 1, "127_https://tnp.straitstimes.com/news/singapore/cpib-arrests-businessman-wanted-indonesia-alleged-corruption_p1": 1, "127_https://tnp.straitstimes.com/news/singapore/cpib-arrests-businessman-wanted-indonesia-alleged-corruption_p2": 1, "127_https://tnp.straitstimes.com/news/singapore/cpib-arrests-businessman-wanted-indonesia-alleged-corruption_p3": 1}