{"18_https://theindependent.sg/toto-jackpot-for-reunion-draw-soars-to-s10-8-million-after-grand-prize-in-first-two-draws-of-2025-go-unwon/_p0": 0, "18_https://theindependent.sg/toto-jackpot-for-reunion-draw-soars-to-s10-8-million-after-grand-prize-in-first-two-draws-of-2025-go-unwon/_p1": 1, "18_https://mustsharenews.com/toto-reunion-draw/_p0": 1, "18_https://mustsharenews.com/toto-reunion-draw/_p1": 1, "18_https://mustsharenews.com/toto-reunion-draw/_p2": 0, "18_https://www.asiaone.com/singapore/toto-reunion-draw-jackpot-snowballs-108m-after-2-draws-no-winners_p0": 0, "18_https://www.asiaone.com/singapore/2-lucky-punters-share-133m-toto-reunion-draw-jackpot_p0": 1, "18_https://mustsharenews.com/toto-reunion-draw-2025/_p0": 1, "18_https://mustsharenews.com/toto-reunion-draw-2025/_p1": 1, "18_https://www.asiaone.com/singapore/2-lucky-punters-share-6m-toto-prize_p0": 1, "18_https://mothership.sg/2025/01/toto-reunion-draw-winners/_p0": 1, "18_https://mothership.sg/2025/01/toto-reunion-draw-winners/_p1": 0, "18_https://mothership.sg/2025/01/jan-24-reunion-draw-jackpot-snowballs/_p0": 0, "18_https://mothership.sg/2025/01/jan-24-reunion-draw-jackpot-snowballs/_p1": 0, "18_https://mothership.sg/2025/01/toto-reunion-draw-winners/index.html_p0": 1, "18_https://mothership.sg/2025/01/toto-reunion-draw-winners/index.html_p1": 0}