{"199_https://mustsharenews.com/church-orchard-towers/_p0": 1, "199_https://mustsharenews.com/church-orchard-towers/_p1": 1, "199_https://mustsharenews.com/church-orchard-towers/_p2": 1, "199_https://mustsharenews.com/church-orchard-towers/_p3": 1, "199_https://mustsharenews.com/church-orchard-towers/_p4": 1, "199_https://saltandlight.sg/news/with-orchard-towers-purchase-cornerstone-seeks-to-transform-a-dark-place-into-a-beacon-of-light-sp-yang-tuck-yoong/_p0": 1, "199_https://saltandlight.sg/news/with-orchard-towers-purchase-cornerstone-seeks-to-transform-a-dark-place-into-a-beacon-of-light-sp-yang-tuck-yoong/_p1": 1, "199_https://saltandlight.sg/news/with-orchard-towers-purchase-cornerstone-seeks-to-transform-a-dark-place-into-a-beacon-of-light-sp-yang-tuck-yoong/_p2": 1, "199_https://saltandlight.sg/news/with-orchard-towers-purchase-cornerstone-seeks-to-transform-a-dark-place-into-a-beacon-of-light-sp-yang-tuck-yoong/_p3": 1, "199_https://saltandlight.sg/news/with-orchard-towers-purchase-cornerstone-seeks-to-transform-a-dark-place-into-a-beacon-of-light-sp-yang-tuck-yoong/_p4": 1, "199_https://saltandlight.sg/news/with-orchard-towers-purchase-cornerstone-seeks-to-transform-a-dark-place-into-a-beacon-of-light-sp-yang-tuck-yoong/_p5": 1, "199_https://saltandlight.sg/news/with-orchard-towers-purchase-cornerstone-seeks-to-transform-a-dark-place-into-a-beacon-of-light-sp-yang-tuck-yoong/_p6": 0, "199_https://www.mingtiandi.com/real-estate/finance/church-buys-former-nightclubs-in-singapores-orchard-towers/_p0": 1, "199_https://www.mingtiandi.com/real-estate/finance/church-buys-former-nightclubs-in-singapores-orchard-towers/_p1": 1, "199_https://www.mingtiandi.com/real-estate/finance/church-buys-former-nightclubs-in-singapores-orchard-towers/_p2": 1, "199_https://www.mingtiandi.com/real-estate/finance/church-buys-former-nightclubs-in-singapores-orchard-towers/_p3": 1, "199_https://www.mingtiandi.com/real-estate/finance/church-buys-former-nightclubs-in-singapores-orchard-towers/_p4": 1, "199_https://www.channelnewsasia.com/singapore/cornerstone-church-acquires-19000-sq-ft-space-orchard-towers-4th-floor-545-million-4909026_p0": 1, "199_https://www.channelnewsasia.com/singapore/cornerstone-church-acquires-19000-sq-ft-space-orchard-towers-4th-floor-545-million-4909026_p1": 1, "199_https://www.channelnewsasia.com/singapore/cornerstone-church-acquires-19000-sq-ft-space-orchard-towers-4th-floor-545-million-4909026_p2": 1, "199_https://www.channelnewsasia.com/singapore/cornerstone-church-acquires-19000-sq-ft-space-orchard-towers-4th-floor-545-million-4909026_p3": 1, "199_https://www.channelnewsasia.com/singapore/cornerstone-church-acquires-19000-sq-ft-space-orchard-towers-4th-floor-545-million-4909026_p4": 1, "199_https://mothership.sg/2025/01/spore-church-buys-retail-orchard-towers/index.html_p0": 1, "199_https://mothership.sg/2025/01/spore-church-buys-retail-orchard-towers/index.html_p1": 1, "199_https://mothership.sg/2025/01/spore-church-buys-retail-orchard-towers/index.html_p2": 1, "199_https://mothership.sg/2025/01/spore-church-buys-retail-orchard-towers/_p0": 1, "199_https://mothership.sg/2025/01/spore-church-buys-retail-orchard-towers/_p1": 1, "199_https://mothership.sg/2025/01/spore-church-buys-retail-orchard-towers/_p2": 1}