{"209_https://www.theonlinecitizen.com/2025/02/03/lawrence-wong-to-deliver-2025-election-budget-statement-on-18-february/_p0": 1, "209_https://www.theonlinecitizen.com/2025/02/03/lawrence-wong-to-deliver-2025-election-budget-statement-on-18-february/_p1": 1, "209_https://www.theonlinecitizen.com/2025/02/03/lawrence-wong-to-deliver-2025-election-budget-statement-on-18-february/_p2": 1, "209_https://www.theonlinecitizen.com/2025/02/03/lawrence-wong-to-deliver-2025-election-budget-statement-on-18-february/_p3": 1, "209_https://www.theonlinecitizen.com/2025/02/03/lawrence-wong-to-deliver-2025-election-budget-statement-on-18-february/_p4": 1, "209_https://www.theonlinecitizen.com/2025/02/03/lawrence-wong-to-deliver-2025-election-budget-statement-on-18-february/_p5": 0, "209_https://www.peoplemattersglobal.com/news/economy-policy/singapore-budget-2025-upskilling-plan-for-workers-under-way-44192_p0": 1, "209_https://www.peoplemattersglobal.com/news/economy-policy/singapore-budget-2025-upskilling-plan-for-workers-under-way-44192_p1": 1, "209_https://www.peoplemattersglobal.com/news/economy-policy/singapore-budget-2025-upskilling-plan-for-workers-under-way-44192_p2": 1, "209_https://www.peoplemattersglobal.com/news/economy-policy/singapore-budget-2025-upskilling-plan-for-workers-under-way-44192_p3": 0, "209_https://www.peoplemattersglobal.com/news/economy-policy/singapore-budget-2025-upskilling-plan-for-workers-under-way-44192_p4": 1, "209_https://www.peoplemattersglobal.com/news/economy-policy/singapore-budget-2025-upskilling-plan-for-workers-under-way-44192_p5": 1, "209_https://mothership.sg/2025/01/what-is-singapore-budget/_p0": 1, "209_https://mothership.sg/2025/01/what-is-singapore-budget/_p1": 1, "209_https://mothership.sg/2025/01/what-is-singapore-budget/_p2": 1, "209_https://mothership.sg/2025/01/what-is-singapore-budget/_p3": 1, "209_https://mothership.sg/2025/01/what-is-singapore-budget/_p4": 0, "209_https://mothership.sg/2025/01/what-is-singapore-budget/_p5": 1, "209_https://mothership.sg/2025/01/what-is-singapore-budget/_p6": 1, "209_https://www.indiaherald.com/Politics/Read/994788775/Budget-BandAid-Solutions-for-Bullet-Wounds_p0": 1, "209_https://www.indiaherald.com/Politics/Read/994788775/Budget-BandAid-Solutions-for-Bullet-Wounds_p1": 0, "209_https://www.indiaherald.com/Politics/Read/994788775/Budget-BandAid-Solutions-for-Bullet-Wounds_p2": 0, "209_https://theindependent.sg/singapore-budget-2025-game-changing-reforms-set-to-transform-workforce-cut-costs-and-propel-sustainability-into-the-future/_p0": 1, "209_https://theindependent.sg/singapore-budget-2025-game-changing-reforms-set-to-transform-workforce-cut-costs-and-propel-sustainability-into-the-future/_p1": 1, "209_https://theindependent.sg/singapore-budget-2025-game-changing-reforms-set-to-transform-workforce-cut-costs-and-propel-sustainability-into-the-future/_p2": 1, "209_https://theindependent.sg/singapore-budget-2025-game-changing-reforms-set-to-transform-workforce-cut-costs-and-propel-sustainability-into-the-future/_p3": 1, "209_https://theindependent.sg/singapore-budget-2025-game-changing-reforms-set-to-transform-workforce-cut-costs-and-propel-sustainability-into-the-future/_p4": 0, "209_https://theindependent.sg/singapore-budget-2025-game-changing-reforms-set-to-transform-workforce-cut-costs-and-propel-sustainability-into-the-future/_p5": 1, "209_https://theindependent.sg/singapore-budget-2025-game-changing-reforms-set-to-transform-workforce-cut-costs-and-propel-sustainability-into-the-future/_p6": 1, "209_https://tnp.straitstimes.com/news/singapore/pm-wong-deliver-budget-speech-feb-18-330pm_p0": 1, "209_https://tnp.straitstimes.com/news/singapore/pm-wong-deliver-budget-speech-feb-18-330pm_p1": 1, "209_https://tnp.straitstimes.com/news/singapore/pm-wong-deliver-budget-speech-feb-18-330pm_p2": 1, "209_https://www.straitstimes.com/singapore/budget-2025-pm-wong-to-deliver-feb-18-speech-at-3-30pm_p0": 1, "209_https://www.straitstimes.com/singapore/budget-2025-pm-wong-to-deliver-feb-18-speech-at-3-30pm_p1": 1, "209_https://www.straitstimes.com/singapore/budget-2025-pm-wong-to-deliver-feb-18-speech-at-3-30pm_p2": 0, "209_https://www.straitstimes.com/singapore/budget-2025-pm-wong-to-deliver-feb-18-speech-at-3-30pm_p3": 1, "209_https://theindependent.sg/642446-2/_p0": 1, "209_https://theindependent.sg/642446-2/_p1": 1, "209_https://theindependent.sg/642446-2/_p2": 0, "209_https://theindependent.sg/642446-2/_p3": 1, "209_https://www.connectedtoindia.com/what-will-pm-wong-put-in-singapore-budget-bag-for-2025-catch-live-broadcast-at-3-30pm-on-feb-18-sign-up-for-post-budget-dialogues/_p0": 1, "209_https://www.connectedtoindia.com/what-will-pm-wong-put-in-singapore-budget-bag-for-2025-catch-live-broadcast-at-3-30pm-on-feb-18-sign-up-for-post-budget-dialogues/_p1": 1, "209_https://www.connectedtoindia.com/what-will-pm-wong-put-in-singapore-budget-bag-for-2025-catch-live-broadcast-at-3-30pm-on-feb-18-sign-up-for-post-budget-dialogues/_p2": 1, "209_https://www.connectedtoindia.com/what-will-pm-wong-put-in-singapore-budget-bag-for-2025-catch-live-broadcast-at-3-30pm-on-feb-18-sign-up-for-post-budget-dialogues/_p3": 1, "209_https://www.connectedtoindia.com/what-will-pm-wong-put-in-singapore-budget-bag-for-2025-catch-live-broadcast-at-3-30pm-on-feb-18-sign-up-for-post-budget-dialogues/_p4": 1, "209_https://mustsharenews.com/pm-wong-budget-2025/_p0": 1, "209_https://mustsharenews.com/pm-wong-budget-2025/_p1": 1, "209_https://mustsharenews.com/pm-wong-budget-2025/_p2": 0, "209_https://mustsharenews.com/pm-wong-budget-2025/_p3": 1, "209_https://sg.news.yahoo.com/budget-2025-likely-talk-cost-020152613.html_p0": 1, "209_https://sg.news.yahoo.com/budget-2025-likely-talk-cost-020152613.html_p1": 1, "209_https://sg.news.yahoo.com/budget-2025-likely-talk-cost-020152613.html_p2": 1, "209_https://sg.news.yahoo.com/budget-2025-likely-talk-cost-020152613.html_p3": 1, "209_https://sg.news.yahoo.com/budget-2025-likely-talk-cost-020152613.html_p4": 1, "209_https://sg.news.yahoo.com/budget-2025-likely-talk-cost-020152613.html_p5": 1, "209_https://sg.news.yahoo.com/budget-2025-likely-talk-cost-020152613.html_p6": 0, "209_https://sg.news.yahoo.com/budget-2025-likely-talk-cost-020152613.html_p7": 0, "209_https://sg.news.yahoo.com/budget-2025-likely-talk-cost-020152613.html_p8": 0, "209_https://sg.news.yahoo.com/budget-2025-likely-talk-cost-020152613.html_p9": 0, "209_https://sg.news.yahoo.com/budget-2025-likely-talk-cost-020152613.html_p10": 0, "209_https://sg.news.yahoo.com/budget-2025-likely-talk-cost-020152613.html_p11": 0, "209_https://www.businesstoday.com.my/2025/02/04/singapore-budget-preview-an-sg60-election-budget/_p0": 1, "209_https://www.businesstoday.com.my/2025/02/04/singapore-budget-preview-an-sg60-election-budget/_p1": 1, "209_https://www.businesstoday.com.my/2025/02/04/singapore-budget-preview-an-sg60-election-budget/_p2": 1, "209_https://www.businesstoday.com.my/2025/02/04/singapore-budget-preview-an-sg60-election-budget/_p3": 0, "209_https://www.businesstoday.com.my/2025/02/04/singapore-budget-preview-an-sg60-election-budget/_p4": 0, "209_https://www.businesstoday.com.my/2025/02/04/singapore-budget-preview-an-sg60-election-budget/_p5": 1, "209_https://www.businesstoday.com.my/2025/02/04/singapore-budget-preview-an-sg60-election-budget/_p6": 1, "209_https://www.businesstoday.com.my/2025/02/04/singapore-budget-preview-an-sg60-election-budget/_p7": 1, "209_https://www.businesstoday.com.my/2025/02/04/singapore-budget-preview-an-sg60-election-budget/_p8": 1, "209_https://mothership.sg/2025/02/pm-wong-budget-2025-announcement/_p0": 1, "209_https://mothership.sg/2025/02/pm-wong-budget-2025-announcement/_p1": 0, "209_https://www.freepressjournal.in/business/what-will-pm-wong-put-in-singapores-budget-bag-for-2025-catch-live-broadcast-at-on-february-18-sign-up-for-post-budget-dialogues_p0": 1, "209_https://www.freepressjournal.in/business/what-will-pm-wong-put-in-singapores-budget-bag-for-2025-catch-live-broadcast-at-on-february-18-sign-up-for-post-budget-dialogues_p1": 1, "209_https://www.freepressjournal.in/business/what-will-pm-wong-put-in-singapores-budget-bag-for-2025-catch-live-broadcast-at-on-february-18-sign-up-for-post-budget-dialogues_p2": 1, "209_https://www.freepressjournal.in/business/what-will-pm-wong-put-in-singapores-budget-bag-for-2025-catch-live-broadcast-at-on-february-18-sign-up-for-post-budget-dialogues_p3": 1, "209_https://www.freepressjournal.in/business/what-will-pm-wong-put-in-singapores-budget-bag-for-2025-catch-live-broadcast-at-on-february-18-sign-up-for-post-budget-dialogues_p4": 1, "209_https://theindependent.sg/pm-wong-to-deliver-budget-2025-statement-on-feb-18/_p0": 1, "209_https://theindependent.sg/pm-wong-to-deliver-budget-2025-statement-on-feb-18/_p1": 1, "209_https://theindependent.sg/pm-wong-to-deliver-budget-2025-statement-on-feb-18/_p2": 0, "209_https://theindependent.sg/pm-wong-to-deliver-budget-2025-statement-on-feb-18/_p3": 1, "209_https://www.asiaone.com/singapore/singaporeans-call-more-skillsfuture-credits-support-vulnerable-groups-budget-2025-wish_p0": 0, "209_https://www.asiaone.com/singapore/singaporeans-call-more-skillsfuture-credits-support-vulnerable-groups-budget-2025-wish_p1": 1, "209_https://www.asiaone.com/singapore/singaporeans-call-more-skillsfuture-credits-support-vulnerable-groups-budget-2025-wish_p2": 1, "209_https://www.asiaone.com/singapore/singaporeans-call-more-skillsfuture-credits-support-vulnerable-groups-budget-2025-wish_p3": 1, "209_https://www.asiaone.com/singapore/singaporeans-call-more-skillsfuture-credits-support-vulnerable-groups-budget-2025-wish_p4": 1, "209_https://www.asiaone.com/singapore/singaporeans-call-more-skillsfuture-credits-support-vulnerable-groups-budget-2025-wish_p5": 0, "209_https://www.asiaone.com/singapore/singaporeans-call-more-skillsfuture-credits-support-vulnerable-groups-budget-2025-wish_p6": 1, "209_https://www.asiaone.com/singapore/singaporeans-call-more-skillsfuture-credits-support-vulnerable-groups-budget-2025-wish_p7": 1, "209_https://www.smehorizon.com/tech-leaders-share-wishlist-for-singapore-budget-2025/_p0": 1, "209_https://www.smehorizon.com/tech-leaders-share-wishlist-for-singapore-budget-2025/_p1": 1, "209_https://www.smehorizon.com/tech-leaders-share-wishlist-for-singapore-budget-2025/_p2": 1, "209_https://www.smehorizon.com/tech-leaders-share-wishlist-for-singapore-budget-2025/_p3": 1, "209_https://www.smehorizon.com/tech-leaders-share-wishlist-for-singapore-budget-2025/_p4": 0, "209_https://dollarsandsense.sg/generation-how-singapore-supports-people/_p0": 1, "209_https://dollarsandsense.sg/generation-how-singapore-supports-people/_p1": 1, "209_https://dollarsandsense.sg/generation-how-singapore-supports-people/_p2": 0, "209_https://dollarsandsense.sg/generation-how-singapore-supports-people/_p3": 1, "209_https://dollarsandsense.sg/generation-how-singapore-supports-people/_p4": 1, "209_https://dollarsandsense.sg/generation-how-singapore-supports-people/_p5": 1, "209_https://dollarsandsense.sg/generation-how-singapore-supports-people/_p6": 0, "209_https://dollarsandsense.sg/generation-how-singapore-supports-people/_p7": 0, "209_https://dollarsandsense.sg/generation-how-singapore-supports-people/_p8": 1, "209_https://www.theedgesingapore.com/news/budget-2025/budget-2025-likely-address-near-term-cost-challenges-and-roll-out-initiatives-under_p0": 1, "209_https://www.theedgesingapore.com/news/budget-2025/budget-2025-likely-address-near-term-cost-challenges-and-roll-out-initiatives-under_p1": 1, "209_https://www.theedgesingapore.com/news/budget-2025/budget-2025-likely-address-near-term-cost-challenges-and-roll-out-initiatives-under_p2": 1, "209_https://www.theedgesingapore.com/news/budget-2025/budget-2025-likely-address-near-term-cost-challenges-and-roll-out-initiatives-under_p3": 1, "209_https://www.theedgesingapore.com/news/budget-2025/budget-2025-likely-address-near-term-cost-challenges-and-roll-out-initiatives-under_p4": 1, "209_https://www.theedgesingapore.com/news/budget-2025/budget-2025-likely-address-near-term-cost-challenges-and-roll-out-initiatives-under_p5": 1, "209_https://www.theedgesingapore.com/news/budget-2025/budget-2025-likely-address-near-term-cost-challenges-and-roll-out-initiatives-under_p6": 1, "209_https://www.theedgesingapore.com/news/budget-2025/budget-2025-likely-address-near-term-cost-challenges-and-roll-out-initiatives-under_p7": 0, "209_https://www.businesstimes.com.sg/singapore/economy-policy/budget-2025-expected-bring-tax-rebates-no-significant-tax-hikes_p0": 1, "209_https://www.businesstimes.com.sg/singapore/economy-policy/budget-2025-expected-bring-tax-rebates-no-significant-tax-hikes_p1": 1, "209_https://sg.news.yahoo.com/budget-2025-likely-address-near-013138991.html_p0": 1, "209_https://sg.news.yahoo.com/budget-2025-likely-address-near-013138991.html_p1": 1, "209_https://sg.news.yahoo.com/budget-2025-likely-address-near-013138991.html_p2": 1, "209_https://sg.news.yahoo.com/budget-2025-likely-address-near-013138991.html_p3": 1, "209_https://sg.news.yahoo.com/budget-2025-likely-address-near-013138991.html_p4": 1, "209_https://sg.news.yahoo.com/budget-2025-likely-address-near-013138991.html_p5": 1, "209_https://sg.news.yahoo.com/budget-2025-likely-address-near-013138991.html_p6": 1, "209_https://sg.news.yahoo.com/budget-2025-likely-address-near-013138991.html_p7": 1, "209_https://sg.news.yahoo.com/budget-2025-likely-address-near-013138991.html_p8": 0, "209_https://www.theedgesingapore.com/news/budget-2025/budget-2025-likely-talk-about-cost-living-investments-ai-finance-green-transition_p0": 1, "209_https://www.theedgesingapore.com/news/budget-2025/budget-2025-likely-talk-about-cost-living-investments-ai-finance-green-transition_p1": 1, "209_https://www.theedgesingapore.com/news/budget-2025/budget-2025-likely-talk-about-cost-living-investments-ai-finance-green-transition_p2": 1, "209_https://www.theedgesingapore.com/news/budget-2025/budget-2025-likely-talk-about-cost-living-investments-ai-finance-green-transition_p3": 1, "209_https://www.theedgesingapore.com/news/budget-2025/budget-2025-likely-talk-about-cost-living-investments-ai-finance-green-transition_p4": 1, "209_https://www.theedgesingapore.com/news/budget-2025/budget-2025-likely-talk-about-cost-living-investments-ai-finance-green-transition_p5": 1, "209_https://www.theedgesingapore.com/news/budget-2025/budget-2025-likely-talk-about-cost-living-investments-ai-finance-green-transition_p6": 1, "209_https://www.theedgesingapore.com/news/budget-2025/budget-2025-likely-talk-about-cost-living-investments-ai-finance-green-transition_p7": 0, "209_https://www.theedgesingapore.com/news/budget-2025/budget-2025-likely-talk-about-cost-living-investments-ai-finance-green-transition_p8": 0, "209_https://www.theedgesingapore.com/news/budget-2025/budget-2025-likely-talk-about-cost-living-investments-ai-finance-green-transition_p9": 0, "209_https://www.theedgesingapore.com/news/budget-2025/budget-2025-likely-talk-about-cost-living-investments-ai-finance-green-transition_p10": 0}