{"343_https://mustsharenews.com/long-lines-toto/_p0": 1, "343_https://mustsharenews.com/long-lines-toto/_p1": 1, "343_https://mustsharenews.com/long-lines-toto/_p2": 0, "343_https://theindependent.sg/3-singapore-pool-bettors-split-s12-6m-toto-hong-bao-jackpot-each-taking-home-s4-2-million/_p0": 1, "343_https://theindependent.sg/3-singapore-pool-bettors-split-s12-6m-toto-hong-bao-jackpot-each-taking-home-s4-2-million/_p1": 1, "343_https://www.asiaone.com/singapore/everybody-has-dream-snaking-lines-hougang-singapore-pools-outlet-12m-toto-hong-bao-draw_p0": 1, "343_https://www.asiaone.com/singapore/everybody-has-dream-snaking-lines-hougang-singapore-pools-outlet-12m-toto-hong-bao-draw_p1": 1, "343_https://www.asiaone.com/singapore/everybody-has-dream-snaking-lines-hougang-singapore-pools-outlet-12m-toto-hong-bao-draw_p2": 1, "343_https://mustsharenews.com/hong-bao-draw-2025/_p0": 1, "343_https://mustsharenews.com/hong-bao-draw-2025/_p1": 1, "343_https://www.straitstimes.com/singapore/3-tickets-win-12-6-million-toto-hong-bao-draw-jackpot_p0": 1, "343_https://www.straitstimes.com/singapore/3-tickets-win-12-6-million-toto-hong-bao-draw-jackpot_p1": 1, "343_https://www.asiaone.com/singapore/126m-toto-hong-bao-jackpot-split-among-3-lucky-tickets_p0": 1}